Date,Day1Volume,Day1Open,Day1High,Day1Low,Day2Volume,Day2Open,Day2High,Day2Low,Day3Volume,Day3Open,Day3High,Day3Low,Target
12/11/18,42704910.0,171.76,174.78,170.42,41678680.0,173.49,174.49,168.3,61759000.0,165.0,170.09,163.33,171.66
06/16/2017,34089190.0,147.16,147.45,145.15,31454590.0,147.5,147.5,143.84,31642900.0,143.32,144.48,142.21,143.78
11/15/2018,50991030.0,199.0,199.85,193.79,46725710.0,191.63,197.18,191.45,60547340.0,193.9,194.48,185.93,188.39
08/17/2018,20679270.0,210.16,210.56,208.26,28595230.0,209.22,210.74,208.33,27595310.0,211.75,213.81,211.47,213.44
08/02/18,20912890.0,191.9,192.2,189.07,37847260.0,190.3,192.14,189.34,67812280.0,199.13,201.76,197.31,200.58
05/13/2019,26339500.0,201.9,205.34,201.75,34908610.0,200.4,201.68,196.66,41208710.0,197.42,198.85,192.77,187.71
06/27/2018,27185130.0,186.12,186.15,184.7,31632320.0,183.4,184.92,180.73,24378480.0,182.99,186.53,182.54,185.23
08/15/2018,24592460.0,207.36,209.1,206.67,25864510.0,207.7,210.95,207.7,20679270.0,210.16,210.56,208.26,209.22
12/24/2019,24626950.0,279.5,281.18,278.95,69032740.0,282.23,282.65,278.56,24677880.0,280.53,284.25,280.37,284.69
02/02/16,55622370.0,93.79,94.52,92.39,64332440.0,94.79,97.34,94.35,40814360.0,96.47,96.71,95.4,95.42
05/28/2020,20450750.0,315.77,319.23,315.35,31380450.0,323.5,324.24,316.5,28236270.0,316.14,318.71,313.09,316.77
10/25/2019,22684000.0,241.16,242.2,239.62,19932550.0,242.1,243.24,241.22,17916260.0,244.51,244.8,241.81,243.16
01/22/2020,27207250.0,313.59,315.7,312.09,34454120.0,316.27,318.74,315.0,27710810.0,317.19,319.02,316.0,318.58
07/19/2019,16866820.0,204.59,206.11,203.5,14107450.0,204.05,205.09,203.27,18582160.0,204.0,205.88,203.7,205.79
07/19/2017,20117070.0,147.97,149.33,147.33,23765710.0,148.82,150.9,148.57,17837130.0,149.2,150.13,148.67,150.48
07/14/2016,23317990.0,96.75,97.65,96.73,24129530.0,97.17,97.7,97.12,25879680.0,97.41,97.67,96.84,97.39
01/22/2019,30483120.0,153.08,155.88,153.0,29616190.0,154.2,157.66,153.26,33259460.0,157.5,157.88,155.98,156.41
07/08/16,27553750.0,95.39,95.4,94.46,30877540.0,94.6,95.66,94.37,24460850.0,95.7,96.5,95.62,96.49
01/10/18,23589930.0,173.44,175.37,173.05,20523870.0,174.35,175.61,173.93,21532200.0,174.55,175.06,173.41,173.16
06/04/19,21218410.0,177.95,179.23,176.67,27043580.0,176.23,177.99,174.99,40396070.0,175.6,177.92,170.27,175.44
10/28/2015,59251740.0,116.7,119.23,116.33,66139770.0,118.08,118.13,114.92,67673450.0,115.4,116.54,113.99,116.93
03/29/2019,49696100.0,191.66,192.88,184.58,29771210.0,188.75,189.76,186.55,20710390.0,188.95,189.56,187.53,189.83
04/13/2017,18904680.0,143.6,143.88,142.9,30341520.0,142.94,143.35,140.06,20320420.0,141.6,142.15,141.01,141.91
11/16/2015,45179400.0,116.37,117.42,115.21,32461350.0,116.26,116.82,115.65,45555300.0,115.2,115.57,112.27,111.38
06/28/2016,32042290.0,95.94,96.29,95.25,75219710.0,92.91,94.66,92.65,45595680.0,93.0,93.05,91.5,92.9
09/12/17,21905160.0,162.09,162.24,160.36,28411740.0,160.86,161.15,158.53,31506890.0,160.5,162.05,159.89,162.61
10/09/18,31961120.0,230.78,232.35,226.73,33507770.0,227.96,228.41,220.58,28784550.0,222.21,224.8,220.2,223.64
09/17/2019,32226670.0,224.8,226.42,222.86,39763300.0,220.0,220.79,217.02,21158140.0,217.73,220.13,217.56,219.96
08/08/16,30148360.0,104.81,105.84,104.77,26781730.0,105.58,106.0,105.28,39546610.0,106.27,107.65,106.18,107.52
11/29/2016,27420550.0,111.36,111.51,110.33,11475920.0,111.13,111.87,110.95,27054320.0,111.43,112.47,111.39,110.78
07/15/2015,61292800.0,121.94,123.85,121.21,41365600.0,125.03,125.76,124.32,31695870.0,126.04,126.37,125.04,125.72
03/23/2017,21258100.0,140.4,141.5,140.23,39461130.0,142.11,142.8,139.73,25804820.0,139.85,141.6,139.76,141.26
07/11/16,30877540.0,94.6,95.66,94.37,24460850.0,95.7,96.5,95.62,28877500.0,96.49,96.89,96.05,96.75
03/10/17,17439210.0,139.06,139.98,138.79,18695500.0,138.95,139.8,138.82,22117750.0,138.74,138.79,137.05,139.25
10/26/2015,42276880.0,114.0,115.58,113.7,41430660.0,114.33,115.5,114.1,59251740.0,116.7,119.23,116.33,118.08
03/27/2019,42287640.0,195.34,197.69,190.78,43751810.0,191.51,191.98,186.6,49696100.0,191.66,192.88,184.58,188.75
06/01/16,56293490.0,99.68,100.73,98.64,36299460.0,99.44,100.47,99.25,42268040.0,99.6,100.4,98.82,99.02
02/05/18,32234520.0,166.87,168.44,166.5,44453230.0,167.17,168.62,166.76,85957050.0,166.0,166.8,160.1,159.1
07/27/2017,21466370.0,150.58,152.44,149.9,18798250.0,151.8,153.84,151.8,15649120.0,153.35,153.93,153.06,153.75
06/13/2018,26580710.0,191.17,192.0,189.77,18069930.0,191.35,191.97,190.21,16859020.0,191.39,192.61,191.15,192.42
09/14/2018,35644510.0,218.01,224.3,216.56,49118510.0,224.94,225.0,219.84,41411350.0,223.52,228.35,222.57,225.75
01/12/18,21532200.0,174.55,175.06,173.41,23751690.0,173.16,174.3,173.0,18653380.0,174.59,175.49,174.49,176.18
06/12/17,21017560.0,155.02,155.98,154.48,21144040.0,155.25,155.54,154.4,64782910.0,155.19,155.19,146.02,145.74
07/28/2015,50832950.0,126.2,127.09,125.06,42090320.0,125.32,125.74,123.9,44371580.0,123.09,123.61,122.12,123.38
08/16/2016,27460070.0,108.52,108.93,107.85,18648700.0,107.78,108.44,107.78,25704330.0,108.14,109.54,108.08,109.63
04/19/2016,25364920.0,111.62,112.39,111.33,46873670.0,112.11,112.3,109.73,60784920.0,108.89,108.95,106.94,107.88
04/11/18,34949690.0,170.97,172.48,168.2,28976200.0,169.88,173.09,169.85,28567110.0,173.0,174.0,171.53,172.23
08/10/17,21827400.0,157.06,158.92,156.67,36127490.0,158.6,161.83,158.27,26060430.0,159.26,161.27,159.11,159.9
04/12/18,28976200.0,169.88,173.09,169.85,28567110.0,173.0,174.0,171.53,22401040.0,172.23,173.92,171.7,173.41
03/02/20,49678430.0,286.53,297.88,286.5,80151380.0,281.1,286.0,272.96,106721200.0,257.26,278.41,256.37,282.28
11/21/2017,23598650.0,171.18,171.87,170.3,21884010.0,171.04,171.39,169.64,16041550.0,170.29,170.56,169.56,170.78
09/04/18,27074260.0,220.15,223.49,219.41,48696960.0,223.25,228.26,222.4,43177540.0,226.51,228.87,226.0,228.41
09/16/2015,49793750.0,111.79,114.21,111.76,58279570.0,116.58,116.89,114.86,43218350.0,115.93,116.53,114.42,116.25
07/31/2018,19005150.0,194.61,195.96,193.61,23975350.0,194.99,195.19,190.1,20912890.0,191.9,192.2,189.07,190.3
06/15/2016,31672220.0,98.53,99.35,98.48,37708360.0,98.69,99.12,97.1,31890740.0,97.32,98.48,96.75,97.82
08/29/2017,19782170.0,160.43,160.74,158.55,25184600.0,159.65,160.56,159.27,25649890.0,160.14,162.0,159.93,160.1
04/05/18,37425640.0,167.88,168.94,164.47,30237640.0,167.64,168.75,164.88,34581850.0,164.88,172.01,164.77,172.58
01/23/2017,23687350.0,120.0,120.5,119.71,25554290.0,119.4,120.09,119.37,29922650.0,120.45,120.45,119.73,120.0
02/14/2019,20940020.0,171.05,171.21,169.25,22224400.0,170.1,171.0,169.7,22389660.0,171.39,172.48,169.92,169.71
01/09/20,29644640.0,293.79,299.96,292.75,27877660.0,299.84,300.9,297.48,33090950.0,297.16,304.44,297.16,307.24
01/19/2018,29512410.0,177.9,179.39,176.14,34260230.0,176.15,179.25,175.07,31087330.0,179.37,180.1,178.25,178.61
09/28/2015,35678360.0,113.63,114.72,113.3,50061580.0,113.25,115.5,112.37,56005550.0,116.44,116.69,114.02,113.85
03/06/17,36362440.0,137.89,140.15,137.6,26170690.0,140.0,140.28,138.76,21555370.0,138.78,139.83,138.59,139.37
09/24/2015,46594220.0,113.67,115.37,113.66,50278030.0,113.38,114.18,112.52,35678360.0,113.63,114.72,113.3,113.25
11/17/2016,50901380.0,107.71,107.81,104.08,32230590.0,106.57,107.68,106.16,58724080.0,106.7,110.23,106.6,109.81
01/21/2016,79356010.0,96.2,97.71,95.36,52960810.0,98.41,98.65,95.5,72274300.0,95.1,98.19,93.42,97.06
09/21/2018,31495630.0,217.79,221.85,217.12,26869880.0,218.5,219.62,215.3,26388050.0,220.24,222.28,219.15,220.78
11/16/2017,16956290.0,173.5,174.5,173.4,24683350.0,173.04,173.48,171.18,28998220.0,169.97,170.32,168.38,171.18
11/04/19,31130520.0,244.76,245.3,241.21,34790520.0,247.24,249.17,237.26,37781330.0,249.54,255.93,249.16,257.33
10/19/2017,24093300.0,157.9,160.0,157.65,18969700.0,159.78,160.87,159.23,16252850.0,160.42,160.71,159.6,156.75
07/18/2017,25080500.0,145.5,148.49,145.44,20117070.0,147.97,149.33,147.33,23765710.0,148.82,150.9,148.57,149.2
06/07/19,30967960.0,175.44,179.83,174.52,29773430.0,184.28,184.99,181.14,22526310.0,183.08,185.47,182.15,186.51
09/16/2016,62080160.0,107.51,108.79,107.24,111186900.0,108.73,113.03,108.6,90398170.0,113.86,115.73,113.49,115.12
04/21/2016,60784920.0,108.89,108.95,106.94,32340620.0,107.88,108.0,106.23,30576980.0,106.64,108.09,106.06,106.93
12/15/2016,26176690.0,113.29,115.0,112.49,43293350.0,113.84,115.92,113.75,33962370.0,115.04,116.2,114.98,115.38
03/15/2018,32191070.0,180.29,182.39,180.21,31464170.0,182.59,183.5,179.24,29334630.0,180.32,180.52,177.81,178.5
09/26/2018,95584080.0,220.78,221.36,217.29,27581270.0,216.82,221.26,216.63,22811140.0,219.75,222.82,219.7,221.0
03/17/2016,25058280.0,101.91,102.91,101.78,40026250.0,103.96,105.18,103.85,38236730.0,104.61,106.31,104.59,105.52
05/09/19,32443110.0,204.29,208.84,203.5,38763700.0,205.88,207.42,200.83,26339500.0,201.9,205.34,201.75,200.4
07/22/2019,14107450.0,204.05,205.09,203.27,18582160.0,204.0,205.88,203.7,20929310.0,205.79,206.5,202.36,203.65
03/29/2017,22355140.0,141.5,141.74,140.35,23531670.0,139.39,141.22,138.62,33348400.0,140.91,144.04,140.62,143.68
02/02/17,30327110.0,120.93,121.63,120.66,47767760.0,121.15,121.39,120.62,111837300.0,127.03,130.49,127.01,127.98
06/19/2020,41357180.0,351.46,353.2,344.72,28601630.0,355.15,355.4,351.09,24205100.0,351.41,353.45,349.22,354.64
10/19/2015,44434220.0,111.29,111.52,109.56,37622200.0,110.93,112.1,110.49,38794930.0,111.78,112.0,110.53,110.8
07/09/18,13954810.0,187.79,187.95,183.54,16543880.0,185.26,186.41,184.28,17426160.0,185.42,188.43,185.2,189.5
09/26/2016,35951900.0,113.85,113.99,112.44,31048170.0,114.35,114.94,114.0,52411070.0,114.42,114.79,111.55,111.64
05/01/20,28001190.0,285.08,285.83,278.2,34320200.0,284.73,289.67,283.89,45765970.0,289.96,294.53,288.35,286.25
10/16/2018,52902320.0,214.52,219.5,212.32,39494770.0,220.42,222.88,216.84,30280450.0,221.16,221.83,217.27,218.93
02/11/16,53920550.0,93.13,95.7,93.04,44282560.0,94.29,95.94,93.93,42288790.0,95.92,96.35,94.1,93.79
08/29/2018,18457720.0,216.6,216.9,215.11,20400770.0,217.15,218.74,216.33,22751390.0,219.01,220.54,218.92,220.15
12/15/2017,19088170.0,172.15,172.39,171.46,23402510.0,172.5,173.54,172.0,20442740.0,172.4,173.13,171.65,173.63
08/08/18,33408050.0,207.03,208.74,205.48,25396100.0,208.0,209.25,207.07,25525650.0,209.32,209.5,206.76,206.05
10/10/19,30889270.0,226.27,229.93,225.84,29282700.0,225.82,228.06,224.33,19029420.0,227.03,227.79,225.64,227.93
10/02/15,73230280.0,112.83,113.51,107.86,66300930.0,110.17,111.54,108.73,63849470.0,109.07,109.62,107.31,108.01
08/29/2016,23606240.0,108.57,108.75,107.68,25001730.0,107.39,107.88,106.68,27744300.0,107.41,107.95,106.31,106.62
07/08/19,16935220.0,201.41,203.13,201.36,11362050.0,203.28,204.44,202.69,17265520.0,203.35,205.08,202.9,200.81
04/25/2016,30576980.0,106.64,108.09,106.06,31416910.0,106.93,106.93,105.52,33655810.0,105.01,106.48,104.62,105.0
01/03/17,20686510.0,117.52,118.02,116.2,14979680.0,116.45,117.11,116.4,30555900.0,116.65,117.2,115.43,115.8
01/29/2016,71937310.0,99.93,100.88,98.07,133059000.0,96.04,96.63,93.34,55622370.0,93.79,94.52,92.39,94.79
04/14/2020,42223820.0,262.74,267.37,261.23,40529120.0,268.7,270.07,264.7,32755730.0,268.31,273.7,265.83,280.0
05/30/2019,23714690.0,180.2,182.14,178.62,27948160.0,178.92,180.59,177.91,28481170.0,176.42,179.35,176.0,177.95
06/16/2020,50415610.0,349.31,351.06,335.48,50036510.0,344.72,347.8,334.22,34702230.0,333.25,345.68,332.58,351.46
09/20/2016,90398170.0,113.86,115.73,113.49,79763890.0,115.12,116.13,114.04,46937190.0,115.19,116.18,113.25,113.05
08/21/2019,28813620.0,204.28,207.16,203.84,24431920.0,210.62,212.73,210.03,26919530.0,210.88,213.35,210.32,212.99
03/15/2017,19578920.0,139.25,139.36,138.64,17048800.0,138.85,139.43,138.82,15281850.0,139.3,139.65,138.84,139.41
06/15/2020,41662940.0,347.9,354.77,346.09,50415610.0,349.31,351.06,335.48,50036510.0,344.72,347.8,334.22,333.25
11/20/2015,27584020.0,114.92,115.05,113.32,46559730.0,115.76,117.49,115.5,43233950.0,117.64,119.75,116.76,119.2
03/25/2020,100423300.0,247.18,251.83,228.0,84188210.0,228.08,228.5,212.61,71882770.0,236.36,247.69,234.3,250.75
09/30/2019,22481010.0,218.55,221.5,217.14,19088310.0,220.0,220.94,218.83,25361290.0,220.54,220.96,217.28,220.9
12/29/2017,33113340.0,170.8,171.47,169.68,21477380.0,170.1,170.78,169.71,16412270.0,171.0,171.85,170.48,170.52
03/06/18,48706170.0,178.54,179.78,172.66,38426060.0,172.8,176.3,172.45,27825140.0,175.21,177.74,174.52,177.91
03/07/16,33136130.0,100.51,100.89,99.64,36884490.0,100.58,101.71,100.45,46026600.0,102.37,103.75,101.37,102.39
07/01/16,40387960.0,92.9,93.66,92.14,36505420.0,93.97,94.55,93.63,35783320.0,94.44,95.77,94.3,95.49
05/02/16,114436300.0,96.0,98.71,95.68,82107120.0,97.61,97.88,94.25,68388840.0,93.99,94.72,92.51,93.97
11/19/2018,60547340.0,193.9,194.48,185.93,46271660.0,188.39,191.97,186.9,36191330.0,190.5,194.97,189.46,190.0
06/07/17,27715140.0,153.58,155.45,152.89,25277680.0,154.34,154.45,153.46,26591850.0,153.9,155.81,153.78,155.02
04/24/2017,17302160.0,141.88,142.0,140.45,23294040.0,141.22,142.92,141.16,17290900.0,142.44,142.68,141.85,143.5
12/24/2015,47507230.0,107.28,107.37,105.57,32728460.0,107.4,107.72,106.45,32618140.0,107.27,108.85,107.2,109.0
05/15/2019,41208710.0,197.42,198.85,192.77,57430620.0,187.71,189.48,182.85,36529680.0,186.41,189.7,185.41,186.27
03/28/2019,43751810.0,191.51,191.98,186.6,49696100.0,191.66,192.88,184.58,29771210.0,188.75,189.76,186.55,188.95
03/23/2016,43607120.0,106.34,106.5,105.19,35454230.0,105.93,107.65,105.14,32345430.0,105.25,107.29,105.21,106.48
08/17/2017,22074760.0,159.32,160.21,158.75,29377630.0,160.66,162.2,160.14,27607370.0,161.94,162.51,160.15,160.52
04/30/2018,28331540.0,162.62,165.42,162.41,27850370.0,164.12,165.73,163.37,35617230.0,164.0,164.33,160.63,162.13
04/03/19,23524830.0,189.83,190.08,188.54,27308200.0,191.64,191.68,188.38,22727370.0,191.09,194.46,191.05,193.25
04/21/2020,39281290.0,287.38,288.2,282.35,53812480.0,284.69,286.95,276.86,32503750.0,277.95,281.68,276.85,276.28
03/13/2017,18695500.0,138.95,139.8,138.82,22117750.0,138.74,138.79,137.05,19578920.0,139.25,139.36,138.64,138.85
11/14/2017,29422610.0,175.11,176.1,173.14,25129510.0,175.11,175.38,174.27,16956290.0,173.5,174.5,173.4,173.04
05/21/2018,19046600.0,186.07,188.46,186.0,17014490.0,188.0,188.91,186.36,18083080.0,187.19,187.81,186.13,188.0
08/07/17,69726440.0,159.28,159.75,156.16,26604140.0,157.05,157.21,155.02,20514810.0,156.07,157.4,155.69,157.06
03/14/2018,32130360.0,177.96,180.0,177.39,32191070.0,180.29,182.39,180.21,31464170.0,182.59,183.5,179.24,180.32
05/20/2016,46858910.0,94.55,94.7,93.01,42009830.0,94.16,95.21,93.89,30417880.0,94.64,94.64,93.57,94.64
09/22/2016,46937190.0,115.19,116.18,113.25,34494150.0,113.05,114.12,112.51,35951900.0,113.85,113.99,112.44,114.35
03/24/2016,35454230.0,105.93,107.65,105.14,32345430.0,105.25,107.29,105.21,25686350.0,106.48,107.07,105.9,105.47
12/23/2015,96197190.0,108.91,109.52,105.81,47507230.0,107.28,107.37,105.57,32728460.0,107.4,107.72,106.45,107.27
03/19/2020,80605870.0,241.95,259.08,240.0,81013970.0,247.51,257.61,238.4,75058410.0,239.77,250.0,237.12,247.39
06/14/2017,64782910.0,155.19,155.19,146.02,72187710.0,145.74,146.09,142.51,34089190.0,147.16,147.45,145.15,147.5
03/27/2017,25804820.0,139.85,141.6,139.76,20299310.0,141.26,141.58,140.61,22355140.0,141.5,141.74,140.35,139.39
01/24/2017,25554290.0,119.4,120.09,119.37,29922650.0,120.45,120.45,119.73,21982000.0,120.0,120.81,119.77,119.55
05/08/20,36937800.0,295.06,301.0,294.46,35583440.0,300.46,303.24,298.87,28803760.0,303.22,305.17,301.97,305.64
04/01/16,31154910.0,104.89,107.79,104.88,45547590.0,108.65,110.42,108.6,25763840.0,109.72,109.9,108.88,108.78
04/26/2018,36396590.0,166.84,166.92,164.09,33674960.0,165.67,166.33,161.22,28331540.0,162.62,165.42,162.41,164.12
09/28/2017,44366140.0,149.99,151.83,149.16,35907770.0,151.78,153.92,151.69,25402270.0,153.8,154.72,153.54,153.89
08/17/2016,18648700.0,107.78,108.44,107.78,25704330.0,108.14,109.54,108.08,33754680.0,109.63,110.23,109.21,109.1
03/09/18,23273160.0,177.91,178.25,176.13,31686450.0,174.94,175.85,174.27,24518850.0,175.48,177.12,175.07,177.96
09/08/16,26393770.0,107.7,108.0,106.82,26645130.0,107.9,108.3,107.51,42250480.0,107.83,108.76,107.07,107.25
08/28/2019,46882840.0,209.43,212.05,201.0,26066130.0,205.86,207.19,205.06,25897340.0,207.86,208.55,203.53,204.1
10/29/2019,17916260.0,244.51,244.8,241.81,18369300.0,243.16,246.73,242.88,24143240.0,247.42,249.25,246.72,248.97
11/10/17,24332120.0,173.91,175.25,173.6,24358920.0,174.66,176.24,174.33,29422610.0,175.11,176.1,173.14,175.11
10/01/19,19088310.0,220.0,220.94,218.83,25361290.0,220.54,220.96,217.28,26318580.0,220.9,224.58,220.79,225.07
09/29/2017,35907770.0,151.78,153.92,151.69,25402270.0,153.8,154.72,153.54,21983410.0,153.89,154.28,152.7,153.21
12/13/2019,22632380.0,268.6,270.07,265.86,19723390.0,268.81,271.1,268.5,34437040.0,267.78,272.56,267.32,271.46
02/14/2020,23580780.0,323.6,323.9,318.71,28432570.0,321.47,327.22,321.47,23686890.0,324.19,326.22,323.35,324.74
12/10/18,41141250.0,180.95,182.39,176.27,42704910.0,171.76,174.78,170.42,41678680.0,173.49,174.49,168.3,165.0
07/27/2015,115288400.0,121.99,125.5,121.99,50832950.0,126.2,127.09,125.06,42090320.0,125.32,125.74,123.9,123.09
05/02/18,35617230.0,164.0,164.33,160.63,41976500.0,162.13,167.26,161.84,52228910.0,166.41,169.2,165.27,175.23
11/10/16,32361930.0,110.08,110.51,109.46,24129630.0,110.31,111.72,109.7,59118740.0,109.88,111.32,108.05,111.09
01/18/2019,28449940.0,150.27,153.39,150.05,30483120.0,153.08,155.88,153.0,29616190.0,154.2,157.66,153.26,157.5
02/24/2017,24487200.0,136.23,136.75,135.98,20769030.0,136.43,137.12,136.11,20762360.0,137.38,137.48,136.3,135.91
10/29/2015,66139770.0,118.08,118.13,114.92,67673450.0,115.4,116.54,113.99,85436210.0,116.93,119.3,116.06,118.7
06/17/2016,31890740.0,97.32,98.48,96.75,29373050.0,97.82,98.41,97.03,31251870.0,96.45,97.75,96.07,96.62
08/09/19,35824790.0,196.31,198.07,194.04,33364400.0,195.41,199.56,193.82,27009520.0,200.2,203.53,199.39,201.3
07/07/16,25982080.0,95.49,96.47,95.33,27553750.0,95.39,95.4,94.46,30877540.0,94.6,95.66,94.37,95.7
08/28/2015,102731700.0,111.11,111.11,103.5,96531890.0,107.09,109.89,105.05,83825220.0,112.23,113.24,110.02,112.17
01/25/2019,30273990.0,156.41,156.73,152.62,23046560.0,154.15,155.14,151.7,25418110.0,154.11,154.48,151.74,155.48
06/24/2016,35407050.0,94.94,96.35,94.68,29124140.0,96.25,96.89,95.35,32042290.0,95.94,96.29,95.25,92.91
03/12/20,71686210.0,263.75,278.09,263.0,71322520.0,277.14,286.44,269.37,64094970.0,277.39,281.22,271.86,255.94
02/07/19,31384720.0,167.41,171.66,167.28,36054570.0,172.86,175.08,172.35,28204640.0,174.65,175.57,172.85,172.4
02/27/2019,18890250.0,171.58,173.0,171.38,21846400.0,174.16,175.87,173.95,16991610.0,173.71,175.3,173.17,173.21
05/20/2020,41587090.0,300.35,307.9,300.21,33843130.0,313.17,316.5,310.32,25432390.0,315.03,318.52,313.01,316.68
02/20/2019,21785180.0,169.71,171.26,169.38,24603320.0,171.25,171.7,169.75,18958570.0,169.71,171.44,169.49,171.19
02/15/2018,60774900.0,158.5,163.89,157.51,32483310.0,161.95,164.75,161.65,40382890.0,163.05,167.54,162.88,169.79
04/18/2016,32771760.0,110.8,112.34,110.8,25364920.0,111.62,112.39,111.33,46873670.0,112.11,112.3,109.73,108.89
12/05/16,36151450.0,111.6,112.2,110.27,37034520.0,110.37,110.94,109.03,26481320.0,109.17,110.09,108.85,110.0
10/08/18,28540490.0,230.05,233.47,229.78,31961120.0,230.78,232.35,226.73,33507770.0,227.96,228.41,220.58,222.21
04/18/2017,20320420.0,141.6,142.15,141.01,17775510.0,141.91,142.38,141.05,16529130.0,141.48,141.88,140.87,141.41
09/12/16,42250480.0,107.83,108.76,107.07,52955310.0,107.25,107.27,105.24,46461610.0,104.64,105.72,103.13,102.65
02/19/2019,22389660.0,171.39,172.48,169.92,21785180.0,169.71,171.26,169.38,24603320.0,171.25,171.7,169.75,169.71
01/11/19,40622910.0,149.56,151.82,148.52,45034370.0,151.29,154.53,149.63,35661200.0,152.5,153.97,150.86,152.88
06/19/2017,31454590.0,147.5,147.5,143.84,31642900.0,143.32,144.48,142.21,50264540.0,143.78,144.5,142.2,143.66
07/06/17,22986960.0,144.45,144.96,143.78,14277850.0,144.88,145.3,143.1,21550270.0,143.69,144.79,142.72,143.02
12/04/19,11654360.0,266.6,268.0,265.9,23693550.0,267.27,268.25,263.45,29377270.0,258.31,259.53,256.29,261.07
03/19/2019,23527660.0,183.9,184.1,182.56,39017490.0,184.85,187.33,183.74,26148590.0,185.8,188.39,185.79,188.35
07/30/2015,44371580.0,123.09,123.61,122.12,33570380.0,123.38,123.91,122.55,36912040.0,123.15,123.5,122.27,122.32
08/14/2018,23389530.0,207.28,209.78,207.2,24592460.0,207.36,209.1,206.67,25864510.0,207.7,210.95,207.7,210.16
01/13/2020,33090950.0,297.16,304.44,297.16,42621540.0,307.24,310.43,306.2,35217270.0,310.6,312.67,308.25,311.64
12/26/2018,64398230.0,160.4,162.11,155.3,95497900.0,156.86,158.16,149.63,37169230.0,148.15,151.55,146.59,148.3
03/15/2016,33490630.0,101.41,102.24,100.15,27368840.0,102.24,102.28,101.5,25058280.0,101.91,102.91,101.78,103.96
08/30/2019,25897340.0,207.86,208.55,203.53,15957630.0,204.1,205.72,203.32,21007650.0,208.5,209.32,206.66,210.16
09/14/2017,31506890.0,160.5,162.05,159.89,71574560.0,162.61,163.96,158.77,44866280.0,159.87,159.96,157.91,158.99
03/11/19,20755140.0,174.67,175.49,173.94,24755470.0,173.87,174.44,172.02,23985960.0,170.32,173.07,169.5,175.49
03/28/2017,20299310.0,141.26,141.58,140.61,22355140.0,141.5,141.74,140.35,23531670.0,139.39,141.22,138.62,140.91
05/09/18,56137230.0,178.25,184.25,178.17,42557530.0,185.18,187.67,184.75,28053230.0,184.99,186.22,183.67,186.55
04/17/2018,22858840.0,173.41,175.0,173.04,25100510.0,174.78,175.84,173.85,21561320.0,175.03,176.19,174.83,176.49
07/22/2016,23766360.0,99.56,100.0,99.34,26219110.0,100.0,100.46,99.74,32690080.0,99.83,101.0,99.13,99.26
08/18/2017,29377630.0,160.66,162.2,160.14,27607370.0,161.94,162.51,160.15,27377960.0,160.52,160.71,157.84,157.86
01/07/20,33911860.0,296.24,300.6,295.19,36633880.0,297.15,300.58,296.5,29644640.0,293.79,299.96,292.75,299.84
06/19/2018,21584720.0,191.55,191.57,190.22,61438290.0,190.03,190.16,188.26,18458410.0,187.88,189.22,187.2,185.14
07/13/2016,28877500.0,96.49,96.89,96.05,23317990.0,96.75,97.65,96.73,24129530.0,97.17,97.7,97.12,97.41
02/21/2019,24603320.0,171.25,171.7,169.75,18958570.0,169.71,171.44,169.49,25323890.0,171.19,173.32,170.99,171.8
03/03/20,80151380.0,281.1,286.0,272.96,106721200.0,257.26,278.41,256.37,85349340.0,282.28,301.44,277.72,303.67
09/07/18,27363960.0,228.41,229.18,226.63,33290830.0,228.99,229.67,225.1,34121240.0,226.23,227.35,221.3,221.85
07/25/2016,26219110.0,100.0,100.46,99.74,32690080.0,99.83,101.0,99.13,28218240.0,99.26,99.3,98.31,98.25
08/06/19,54017920.0,213.9,218.03,206.74,40862120.0,205.53,206.43,201.63,52392970.0,197.99,198.65,192.58,196.31
10/20/2016,23583810.0,117.33,117.84,116.78,24308210.0,118.18,118.21,117.45,19977160.0,117.25,117.76,113.8,116.86
11/24/2015,43233950.0,117.64,119.75,116.76,34135230.0,119.2,119.92,118.85,32445680.0,119.27,119.73,117.34,117.33
01/04/18,25938760.0,170.52,170.59,169.22,25400540.0,170.16,172.3,169.26,29461040.0,172.53,174.55,171.96,172.54
05/30/2017,19201820.0,153.84,154.17,152.67,19217810.0,153.73,154.35,153.03,21895020.0,154.0,154.24,153.31,153.42
04/13/2018,28567110.0,173.0,174.0,171.53,22401040.0,172.23,173.92,171.7,22858840.0,173.41,175.0,173.04,174.78
07/09/19,11362050.0,203.28,204.44,202.69,17265520.0,203.35,205.08,202.9,25338630.0,200.81,201.4,198.41,199.2
01/17/2018,18653380.0,174.59,175.49,174.49,25302200.0,176.18,177.36,175.65,29512410.0,177.9,179.39,176.14,176.15
11/23/2018,41626820.0,190.0,190.7,184.99,67678680.0,178.37,181.47,175.51,31096240.0,179.73,180.27,176.55,174.94
07/14/2017,18647220.0,144.73,145.85,144.38,24833800.0,145.87,146.18,144.82,25080500.0,145.5,148.49,145.44,147.97
07/02/18,24987260.0,185.23,187.28,184.03,17352380.0,184.1,186.21,183.8,22551660.0,186.29,187.19,182.91,183.82
12/19/2018,40620360.0,169.0,169.08,165.28,43250420.0,165.45,168.35,162.73,33753490.0,165.38,167.53,164.39,166.0
04/17/2019,27738580.0,199.2,200.14,196.21,17524150.0,198.58,199.85,198.01,25668330.0,199.46,201.37,198.56,199.54
04/11/19,25829880.0,196.42,200.23,196.34,35738280.0,200.32,202.85,199.23,21654750.0,198.68,200.74,198.18,200.85
12/09/16,26160560.0,109.5,110.36,109.19,29976030.0,109.26,111.19,109.16,27049830.0,110.86,112.43,110.6,112.31
08/10/18,25525650.0,209.32,209.5,206.76,22493750.0,206.05,207.81,204.52,23389530.0,207.28,209.78,207.2,207.36
03/03/16,35131460.0,96.86,98.23,96.65,50303500.0,97.65,100.77,97.42,33136130.0,100.51,100.89,99.64,100.58
12/28/2015,32728460.0,107.4,107.72,106.45,32618140.0,107.27,108.85,107.2,13596680.0,109.0,109.0,107.95,107.59
10/30/2019,18369300.0,243.16,246.73,242.88,24143240.0,247.42,249.25,246.72,35709870.0,248.97,249.75,242.57,244.76
01/27/2020,25458120.0,318.58,319.99,317.31,26117990.0,317.92,319.56,315.65,36634380.0,320.25,323.33,317.52,310.06
08/10/15,99202400.0,112.95,117.44,112.1,52828890.0,115.97,116.5,114.12,38610120.0,114.58,116.25,114.5,116.53
09/09/19,19216820.0,208.39,209.48,207.32,23946880.0,212.0,213.97,211.51,19362290.0,214.05,214.42,212.51,214.84
06/15/2017,72187710.0,145.74,146.09,142.51,34089190.0,147.16,147.45,145.15,31454590.0,147.5,147.5,143.84,143.32
07/28/2016,40290580.0,98.25,98.84,96.92,53454620.0,96.82,97.97,96.42,92143920.0,104.27,104.35,102.75,102.83
06/28/2019,21070330.0,198.43,199.26,195.29,26067510.0,197.77,200.99,197.35,20899720.0,200.29,201.57,199.57,198.68
03/11/16,31538710.0,100.78,101.76,100.4,27148530.0,101.31,101.58,100.27,33490630.0,101.41,102.24,100.15,102.24
09/25/2019,57977090.0,221.38,222.56,217.47,19419650.0,218.95,219.84,217.65,31434370.0,221.03,222.49,217.19,218.55
09/13/2016,52955310.0,107.25,107.27,105.24,46461610.0,104.64,105.72,103.13,45114590.0,102.65,105.72,102.53,107.51
08/13/2019,27009520.0,200.2,203.53,199.39,24619750.0,201.3,202.76,199.29,22481890.0,199.62,202.05,199.15,201.02
03/17/2017,15281850.0,139.3,139.65,138.84,25676720.0,139.41,140.75,139.03,19173780.0,140.72,141.02,140.26,141.0
01/22/2018,34260230.0,176.15,179.25,175.07,31087330.0,179.37,180.1,178.25,31306390.0,178.61,179.58,177.41,177.3
11/03/17,35779520.0,167.9,169.65,166.94,33482970.0,169.87,169.94,165.61,39668100.0,167.64,168.5,165.28,174.0
05/03/19,45751160.0,203.06,203.4,199.11,64827330.0,209.88,215.31,209.23,31996320.0,209.84,212.65,208.13,210.89
10/19/2016,35626020.0,117.88,118.17,117.13,23583810.0,117.33,117.84,116.78,24308210.0,118.18,118.21,117.45,117.25
12/03/15,38063130.0,117.99,119.41,117.75,34806250.0,118.75,118.81,116.86,33316990.0,117.05,118.11,116.08,116.55
11/15/2017,25129510.0,175.11,175.38,174.27,16956290.0,173.5,174.5,173.4,24683350.0,173.04,173.48,171.18,169.97
02/26/2020,32426420.0,318.62,320.45,310.5,55548830.0,297.26,304.18,289.23,57668360.0,300.95,302.53,286.13,286.53
11/10/15,39483400.0,121.85,122.69,120.18,33009110.0,121.11,121.81,120.62,33829290.0,120.96,121.81,120.05,116.9
04/03/20,49250500.0,255.6,262.49,252.0,44054640.0,246.5,248.72,239.13,41483490.0,240.34,245.15,236.9,242.8
02/08/18,72215320.0,159.1,163.88,156.0,68171940.0,154.83,163.72,154.0,51467440.0,163.09,163.4,159.07,160.29
04/23/2018,20544600.0,177.81,178.82,176.88,34693280.0,174.95,175.39,172.66,65270950.0,170.6,171.22,165.43,166.84
09/11/15,54507300.0,111.65,112.56,110.32,84757780.0,113.76,114.02,109.77,62800770.0,110.27,113.28,109.9,111.79
01/06/16,40885480.0,107.01,107.03,104.82,67569090.0,102.61,105.37,102.0,55583140.0,105.75,105.85,102.41,100.56
06/27/2019,18220420.0,198.54,200.16,198.17,21070330.0,198.43,199.26,195.29,26067510.0,197.77,200.99,197.35,200.29
04/27/2018,33674960.0,165.67,166.33,161.22,28331540.0,162.62,165.42,162.41,27850370.0,164.12,165.73,163.37,164.0
10/26/2017,21888930.0,156.89,157.69,155.5,17633730.0,156.29,157.42,156.2,21175670.0,156.91,157.55,155.27,157.23
09/13/2017,28411740.0,160.86,161.15,158.53,31506890.0,160.5,162.05,159.89,71574560.0,162.61,163.96,158.77,159.87
10/17/2017,16380570.0,156.35,157.37,155.73,16367780.0,156.73,157.28,156.41,24093300.0,157.9,160.0,157.65,159.78
09/09/16,26645130.0,107.9,108.3,107.51,42250480.0,107.83,108.76,107.07,52955310.0,107.25,107.27,105.24,104.64
12/19/2017,20442740.0,172.4,173.13,171.65,40122100.0,173.63,174.17,172.46,29385650.0,174.88,177.2,174.86,175.03
05/16/2019,57430620.0,187.71,189.48,182.85,36529680.0,186.41,189.7,185.41,26544720.0,186.27,191.75,186.02,189.91
10/11/16,28508710.0,113.7,114.34,113.13,24336440.0,114.31,114.56,113.51,36087910.0,115.02,116.75,114.72,117.7
12/02/15,13046450.0,118.29,118.41,117.6,38063130.0,117.99,119.41,117.75,34806250.0,118.75,118.81,116.86,117.05
11/13/2017,24358920.0,174.66,176.24,174.33,29422610.0,175.11,176.1,173.14,25129510.0,175.11,175.38,174.27,173.5
02/21/2020,38190550.0,315.36,319.75,314.61,23495990.0,320.0,324.57,320.0,25141490.0,322.63,324.65,318.21,318.62
07/17/2019,17595210.0,202.45,204.0,202.2,16947420.0,204.09,205.87,204.0,16866820.0,204.59,206.11,203.5,204.05
03/07/17,26170690.0,140.0,140.28,138.76,21555370.0,138.78,139.83,138.59,21229890.0,139.37,139.77,138.6,139.06
06/21/2016,31251870.0,96.45,97.75,96.07,60793260.0,96.62,96.65,95.3,34355970.0,96.0,96.57,95.03,94.94
03/13/2020,71322520.0,277.14,286.44,269.37,64094970.0,277.39,281.22,271.86,104618500.0,255.94,270.0,248.0,264.89
12/15/2015,29158640.0,116.04,116.94,115.51,46810020.0,115.19,115.39,112.85,64678220.0,112.18,112.68,109.79,111.94
08/31/2018,22751390.0,219.01,220.54,218.92,27074260.0,220.15,223.49,219.41,48696960.0,223.25,228.26,222.4,226.51
03/08/18,27825140.0,175.21,177.74,174.52,23273160.0,177.91,178.25,176.13,31686450.0,174.94,175.85,174.27,175.48
04/07/17,19865300.0,143.25,144.89,143.17,27649500.0,144.22,145.46,143.81,21131040.0,144.29,144.52,143.45,143.73
01/15/2020,35217270.0,310.6,312.67,308.25,30521720.0,311.64,317.07,311.15,40653460.0,316.7,317.57,312.17,311.85
04/09/19,19090050.0,194.79,196.37,193.14,18473070.0,196.45,197.1,195.93,25829880.0,196.42,200.23,196.34,200.32
04/02/18,39824200.0,173.68,175.15,166.92,41464880.0,167.25,170.02,165.19,38116290.0,167.81,171.75,166.9,167.88
07/15/2016,24129530.0,97.17,97.7,97.12,25879680.0,97.41,97.67,96.84,38885980.0,97.39,98.99,97.32,98.92
07/07/17,14277850.0,144.88,145.3,143.1,21550270.0,143.69,144.79,142.72,24110330.0,143.02,143.5,142.41,142.9
07/05/18,22551660.0,186.29,187.19,182.91,17675210.0,183.82,187.3,183.42,13954810.0,187.79,187.95,183.54,185.26
05/24/2018,18383080.0,188.0,189.27,186.91,15228270.0,188.38,188.88,186.78,19966590.0,186.35,188.5,185.76,188.77
08/03/17,19690420.0,149.9,150.33,148.13,33669020.0,149.1,150.22,148.41,69726440.0,159.28,159.75,156.16,157.05
02/03/16,64332440.0,94.79,97.34,94.35,40814360.0,96.47,96.71,95.4,37190500.0,95.42,96.04,94.28,95.0
10/05/18,24435010.0,227.25,230.0,226.63,28540490.0,230.05,233.47,229.78,31961120.0,230.78,232.35,226.73,227.96
04/05/16,25763840.0,109.72,109.9,108.88,25820460.0,108.78,110.0,108.2,37322930.0,110.42,112.19,110.27,109.51
07/11/19,25338630.0,200.81,201.4,198.41,20578020.0,199.2,201.51,198.81,17897140.0,201.85,203.73,201.56,203.31
12/18/2017,23402510.0,172.5,173.54,172.0,20442740.0,172.4,173.13,171.65,40122100.0,173.63,174.17,172.46,174.88
06/23/2020,24205100.0,351.41,353.45,349.22,66118950.0,354.64,356.56,345.15,33861320.0,351.34,359.46,351.15,364.0
10/12/17,16243080.0,155.81,156.73,155.49,15603520.0,156.06,158.0,155.1,16861450.0,155.97,156.98,155.75,156.35
11/12/19,23735080.0,258.74,260.35,258.11,17520500.0,258.69,260.44,256.85,20507460.0,258.3,262.47,258.28,261.55
08/22/2018,35034410.0,213.44,217.95,213.16,30149410.0,218.1,219.18,215.11,25682700.0,216.8,217.19,214.03,214.1
09/11/17,21610300.0,162.71,162.99,160.52,21905160.0,162.09,162.24,160.36,28411740.0,160.86,161.15,158.53,160.5
01/24/2018,31306390.0,178.61,179.58,177.41,27052000.0,177.3,177.78,176.6,32395870.0,177.3,179.44,176.82,177.25
01/25/2018,27052000.0,177.3,177.78,176.6,32395870.0,177.3,179.44,176.82,51368540.0,177.25,177.3,173.2,174.51
10/18/2017,16367780.0,156.73,157.28,156.41,24093300.0,157.9,160.0,157.65,18969700.0,159.78,160.87,159.23,160.42
01/12/17,33420290.0,117.95,119.43,117.94,24432660.0,118.77,119.38,118.3,27453130.0,118.74,119.93,118.6,118.9
08/29/2019,26066130.0,205.86,207.19,205.06,25897340.0,207.86,208.55,203.53,15957630.0,204.1,205.72,203.32,208.5
04/06/16,25820460.0,108.78,110.0,108.2,37322930.0,110.42,112.19,110.27,26560420.0,109.51,110.73,109.42,110.23
10/03/16,29608390.0,113.69,114.64,113.43,35850010.0,113.16,113.8,111.8,36340670.0,112.46,113.37,111.8,112.71
04/26/2016,31416910.0,106.93,106.93,105.52,33655810.0,105.01,106.48,104.62,27997990.0,105.0,105.65,104.51,103.91
01/31/2019,26147280.0,155.79,156.33,153.66,39914850.0,156.25,158.13,154.11,60800480.0,163.25,166.15,160.23,166.11
07/27/2016,28218240.0,99.26,99.3,98.31,40290580.0,98.25,98.84,96.92,53454620.0,96.82,97.97,96.42,104.27
06/13/2019,26220850.0,191.81,195.37,191.62,26932880.0,194.86,196.0,193.6,18253190.0,193.95,195.97,193.39,194.7
06/26/2019,47800590.0,198.8,200.85,198.15,18220420.0,198.54,200.16,198.17,21070330.0,198.43,199.26,195.29,197.77
09/20/2018,36810120.0,222.15,222.95,217.27,31495630.0,217.79,221.85,217.12,26869880.0,218.5,219.62,215.3,220.24
08/22/2017,27377960.0,160.52,160.71,157.84,27391950.0,157.86,159.5,156.72,26330070.0,157.5,157.89,155.11,158.23
05/26/2016,37977020.0,95.87,97.19,95.67,35074380.0,97.22,98.09,96.84,38258300.0,98.67,99.74,98.11,99.68
05/04/18,52228910.0,166.41,169.2,165.27,66454720.0,175.23,177.75,173.8,33944110.0,175.88,177.5,174.44,178.25
02/09/17,26784530.0,129.13,130.5,128.9,38158410.0,130.54,132.09,130.45,22941650.0,131.35,132.22,131.22,131.65
01/27/2017,23191150.0,119.55,120.1,119.5,32417410.0,120.42,122.1,120.28,26320740.0,121.67,122.44,121.6,122.14
11/12/18,33291640.0,205.97,210.06,204.13,25289270.0,209.98,210.12,206.75,34317760.0,205.55,206.01,202.25,199.0
03/01/16,27526040.0,96.05,96.76,95.25,28949760.0,97.2,98.02,96.58,35131460.0,96.86,98.23,96.65,97.65
09/18/2015,43218350.0,115.93,116.53,114.42,37080720.0,116.25,116.54,115.44,63712340.0,115.66,116.49,113.72,112.21
12/11/17,28397810.0,167.5,170.2,166.46,25656110.0,169.03,170.44,168.91,23285760.0,170.49,171.0,168.82,169.2
04/07/20,41483490.0,240.34,245.15,236.9,32470020.0,242.8,245.7,238.97,50455070.0,250.9,263.11,249.38,270.8
04/26/2019,23286380.0,204.43,207.75,203.9,17427570.0,207.36,208.48,207.05,18463850.0,206.83,207.76,205.12,204.9
03/10/16,35890740.0,102.39,102.83,100.96,31538710.0,100.78,101.76,100.4,27148530.0,101.31,101.58,100.27,101.41
03/25/2019,31003380.0,186.23,189.49,184.73,50943120.0,190.02,196.33,189.81,42287640.0,195.34,197.69,190.78,191.51
11/07/19,25817950.0,257.33,257.85,255.38,19974430.0,257.05,258.19,256.32,18966120.0,256.77,257.49,255.37,258.74
03/27/2018,41335980.0,170.0,172.68,168.6,40984540.0,168.39,169.92,164.94,36778560.0,168.07,173.1,166.44,173.68
05/29/2019,36529740.0,179.8,180.54,177.81,23714690.0,180.2,182.14,178.62,27948160.0,178.92,180.59,177.91,176.42
07/11/18,17426160.0,185.42,188.43,185.2,19636390.0,189.5,190.68,189.3,15801370.0,190.71,191.28,190.18,188.5
01/02/18,21477380.0,170.1,170.78,169.71,16412270.0,171.0,171.85,170.48,25938760.0,170.52,170.59,169.22,170.16
12/13/2018,61759000.0,165.0,170.09,163.33,45968040.0,171.66,171.79,167.0,35474680.0,170.4,171.92,169.02,170.49
04/20/2018,26575010.0,176.49,178.94,176.41,20544600.0,177.81,178.82,176.88,34693280.0,174.95,175.39,172.66,170.6
12/01/16,27054320.0,111.43,112.47,111.39,28507780.0,110.78,112.03,110.07,36151450.0,111.6,112.2,110.27,110.37
11/02/18,36487930.0,211.15,215.18,209.27,38016810.0,216.88,220.45,216.62,52954070.0,219.05,222.36,216.81,209.55
11/29/2018,44662320.0,174.24,174.95,170.26,41156140.0,171.51,174.77,170.88,45941750.0,176.73,181.29,174.93,182.66
06/18/2018,21480120.0,192.42,192.88,190.44,21584720.0,191.55,191.57,190.22,61438290.0,190.03,190.16,188.26,187.88
12/10/19,18661340.0,263.79,265.89,262.73,26547490.0,267.48,271.0,267.3,32182650.0,270.0,270.8,264.91,268.6
09/12/19,27309400.0,214.84,216.44,211.07,31777930.0,213.86,216.78,211.71,44289650.0,218.07,223.71,217.73,224.8
05/04/17,33498270.0,145.1,147.2,144.96,44182930.0,147.54,148.09,146.84,45579740.0,145.59,147.49,144.27,146.52
08/28/2017,19376940.0,159.07,160.47,158.88,19782170.0,160.43,160.74,158.55,25184600.0,159.65,160.56,159.27,160.14
11/05/18,38016810.0,216.88,220.45,216.62,52954070.0,219.05,222.36,216.81,91046560.0,209.55,213.65,205.43,204.3
10/14/2015,52720620.0,110.0,112.28,109.49,30386830.0,112.73,112.75,111.44,32970790.0,110.82,112.45,110.68,111.29
04/08/16,26560420.0,109.51,110.73,109.42,26178840.0,110.23,110.98,109.2,31735810.0,109.95,110.42,108.12,108.91
11/09/17,34770480.0,172.37,174.99,171.72,24332120.0,173.91,175.25,173.6,24358920.0,174.66,176.24,174.33,175.11
07/23/2019,18582160.0,204.0,205.88,203.7,20929310.0,205.79,206.5,202.36,22277930.0,203.65,207.23,203.61,208.46
10/08/19,30352690.0,218.43,220.96,215.13,34755550.0,225.64,227.49,223.89,30889270.0,226.27,229.93,225.84,225.82
02/28/2020,57668360.0,300.95,302.53,286.13,49678430.0,286.53,297.88,286.5,80151380.0,281.1,286.0,272.96,257.26
08/10/16,39546610.0,106.27,107.65,106.18,28010430.0,107.52,108.37,107.16,26296260.0,108.23,108.94,108.01,108.71
07/13/2018,15801370.0,190.71,191.28,190.18,18776390.0,188.5,189.78,187.61,18000180.0,189.53,191.41,189.31,191.08
10/23/2018,32389280.0,217.86,219.74,213.0,32874330.0,218.06,221.26,217.43,28751540.0,219.79,223.36,218.94,215.83
10/05/16,36340670.0,112.46,113.37,111.8,21634520.0,112.71,113.05,112.28,29707270.0,113.06,114.31,112.63,113.4
08/21/2015,34525630.0,116.43,117.44,116.01,48079330.0,116.1,116.52,114.68,68176940.0,114.08,114.35,111.63,110.43
03/08/16,36884490.0,100.58,101.71,100.45,46026600.0,102.37,103.75,101.37,35890740.0,102.39,102.83,100.96,100.78
10/31/2017,16916650.0,157.23,157.83,156.78,44387770.0,159.29,163.6,158.7,44651420.0,163.89,168.07,163.72,167.9
10/05/17,18631540.0,154.26,154.45,152.72,16216800.0,154.01,155.09,153.91,20088940.0,153.63,153.86,152.46,154.18
11/30/2015,42747950.0,117.33,119.35,117.12,21341960.0,119.21,119.23,117.92,13046450.0,118.29,118.41,117.6,117.99
11/13/2019,17520500.0,258.69,260.44,256.85,20507460.0,258.3,262.47,258.28,21847230.0,261.55,262.79,260.92,261.13
07/07/20,27684310.0,365.12,367.36,363.91,28510370.0,367.85,370.47,363.64,29663910.0,370.0,375.78,369.87,375.41
01/19/2016,62285770.0,100.32,101.19,97.3,63000140.0,97.96,100.48,95.74,79356010.0,96.2,97.71,95.36,98.41
01/23/2018,31087330.0,179.37,180.1,178.25,31306390.0,178.61,179.58,177.41,27052000.0,177.3,177.78,176.6,177.3
02/15/2017,20046250.0,132.46,132.94,132.05,22989980.0,133.08,133.82,132.75,33054500.0,133.47,135.09,133.25,135.52
06/24/2019,21124240.0,199.68,199.88,197.31,21513990.0,200.37,200.61,198.03,47800590.0,198.8,200.85,198.15,198.54
12/23/2016,21337310.0,116.74,117.5,116.68,23724430.0,116.8,117.4,116.78,26043820.0,116.35,116.51,115.64,115.59
11/27/2015,32445680.0,119.27,119.73,117.34,42747950.0,117.33,119.35,117.12,21341960.0,119.21,119.23,117.92,118.29
12/02/16,28507780.0,110.78,112.03,110.07,36151450.0,111.6,112.2,110.27,37034520.0,110.37,110.94,109.03,109.17
06/21/2017,50264540.0,143.78,144.5,142.2,32203640.0,143.66,146.74,143.66,24877950.0,146.87,146.87,144.94,145.52
07/08/20,28510370.0,367.85,370.47,363.64,29663910.0,370.0,375.78,369.87,28106110.0,375.41,378.62,372.23,376.72
06/02/16,36299460.0,99.44,100.47,99.25,42268040.0,99.6,100.4,98.82,29139100.0,99.02,99.54,98.33,97.6
09/23/2016,34494150.0,113.05,114.12,112.51,35951900.0,113.85,113.99,112.44,31048170.0,114.35,114.94,114.0,114.42
05/07/20,33391990.0,289.17,293.69,286.32,36937800.0,295.06,301.0,294.46,35583440.0,300.46,303.24,298.87,303.22
03/01/18,37353670.0,176.35,179.39,176.21,38885510.0,179.1,180.48,178.16,37568080.0,179.26,180.62,178.05,178.54
02/15/2019,22224400.0,170.1,171.0,169.7,22389660.0,171.39,172.48,169.92,21785180.0,169.71,171.26,169.38,171.25
08/07/18,62317430.0,200.58,208.38,200.35,33408050.0,207.03,208.74,205.48,25396100.0,208.0,209.25,207.07,209.32
08/20/2018,28595230.0,209.22,210.74,208.33,27595310.0,211.75,213.81,211.47,35034410.0,213.44,217.95,213.16,218.1
05/18/2020,50155640.0,312.15,315.95,303.21,39732270.0,304.51,309.79,301.53,41587090.0,300.35,307.9,300.21,313.17
12/17/2015,64678220.0,112.18,112.68,109.79,53168580.0,111.94,112.8,110.35,56157370.0,111.07,111.99,108.8,112.02
11/13/2018,25289270.0,209.98,210.12,206.75,34317760.0,205.55,206.01,202.25,50991030.0,199.0,199.85,193.79,191.63
08/12/15,38610120.0,114.58,116.25,114.5,54851010.0,116.53,119.99,116.53,96820670.0,117.81,118.18,113.33,112.53
03/16/2016,27368840.0,102.24,102.28,101.5,25058280.0,101.91,102.91,101.78,40026250.0,103.96,105.18,103.85,104.61
11/21/2016,58724080.0,106.7,110.23,106.6,27623150.0,109.81,110.35,108.83,28310840.0,109.72,110.54,109.66,110.12
05/24/2019,28364850.0,185.22,188.0,184.7,29748560.0,184.66,185.71,182.55,36529740.0,179.8,180.54,177.81,180.2
10/23/2015,48929200.0,111.34,114.17,110.82,42276880.0,114.0,115.58,113.7,41430660.0,114.33,115.5,114.1,116.7
08/07/19,40862120.0,205.53,206.43,201.63,52392970.0,197.99,198.65,192.58,35824790.0,196.31,198.07,194.04,195.41
04/25/2017,23294040.0,141.22,142.92,141.16,17290900.0,142.44,142.68,141.85,17117710.0,143.5,143.95,143.18,143.91
05/19/2016,61192340.0,92.39,94.39,91.65,46858910.0,94.55,94.7,93.01,42009830.0,94.16,95.21,93.89,94.64
01/26/2017,21982000.0,120.0,120.81,119.77,23191150.0,119.55,120.1,119.5,32417410.0,120.42,122.1,120.28,121.67
07/06/20,35055820.0,360.08,365.98,360.0,27684310.0,365.12,367.36,363.91,28510370.0,367.85,370.47,363.64,370.0
04/19/2018,21561320.0,175.03,176.19,174.83,26575010.0,176.49,178.94,176.41,20544600.0,177.81,178.82,176.88,174.95
12/10/15,32063100.0,118.98,119.86,117.81,34275420.0,117.52,118.6,116.86,46301930.0,117.64,117.69,115.08,116.04
01/14/2019,45034370.0,151.29,154.53,149.63,35661200.0,152.5,153.97,150.86,26924630.0,152.88,153.7,151.51,150.85
01/16/2020,30521720.0,311.64,317.07,311.15,40653460.0,316.7,317.57,312.17,30480880.0,311.85,315.5,309.55,313.59
10/10/17,21215870.0,154.18,155.44,154.05,17223790.0,154.97,155.49,154.56,16243080.0,155.81,156.73,155.49,156.06
11/19/2015,37979570.0,111.38,114.24,111.0,27584020.0,114.92,115.05,113.32,46559730.0,115.76,117.49,115.5,117.64
12/12/17,25656110.0,169.03,170.44,168.91,23285760.0,170.49,171.0,168.82,34260890.0,169.2,172.89,168.79,172.15
06/20/2018,61438290.0,190.03,190.16,188.26,18458410.0,187.88,189.22,187.2,33538550.0,185.14,186.33,183.45,186.35
09/27/2018,27581270.0,216.82,221.26,216.63,22811140.0,219.75,222.82,219.7,23430370.0,221.0,223.75,219.76,223.82
10/31/2018,47191700.0,215.9,220.19,212.67,45713690.0,219.19,219.69,206.09,36487930.0,211.15,215.18,209.27,216.88
01/23/2019,29616190.0,154.2,157.66,153.26,33259460.0,157.5,157.88,155.98,30273990.0,156.41,156.73,152.62,154.15
02/13/2019,23793830.0,168.99,170.66,168.42,20940020.0,171.05,171.21,169.25,22224400.0,170.1,171.0,169.7,171.39
06/29/2016,75219710.0,92.91,94.66,92.65,45595680.0,93.0,93.05,91.5,40387960.0,92.9,93.66,92.14,93.97
05/14/2019,34908610.0,200.4,201.68,196.66,41208710.0,197.42,198.85,192.77,57430620.0,187.71,189.48,182.85,186.41
10/13/2016,36087910.0,115.02,116.75,114.72,63963010.0,117.7,118.69,116.2,37512930.0,117.35,117.98,116.75,116.79
08/09/18,25396100.0,208.0,209.25,207.07,25525650.0,209.32,209.5,206.76,22493750.0,206.05,207.81,204.52,207.28
03/04/20,106721200.0,257.26,278.41,256.37,85349340.0,282.28,301.44,277.72,79868850.0,303.67,304.0,285.8,296.44
05/04/20,34320200.0,284.73,289.67,283.89,45765970.0,289.96,294.53,288.35,60154180.0,286.25,299.0,285.85,289.17
08/30/2017,25184600.0,159.65,160.56,159.27,25649890.0,160.14,162.0,159.93,29451050.0,160.1,163.12,160.0,163.8
08/01/18,23975350.0,194.99,195.19,190.1,20912890.0,191.9,192.2,189.07,37847260.0,190.3,192.14,189.34,199.13
04/27/2016,33655810.0,105.01,106.48,104.62,27997990.0,105.0,105.65,104.51,52979780.0,103.91,105.3,103.91,96.0
11/06/19,37781330.0,249.54,255.93,249.16,25817950.0,257.33,257.85,255.38,19974430.0,257.05,258.19,256.32,256.77
07/03/17,22052920.0,144.49,146.11,143.16,31450520.0,144.71,145.13,142.28,22986960.0,144.45,144.96,143.78,144.88
06/22/2020,28601630.0,355.15,355.4,351.09,24205100.0,351.41,353.45,349.22,66118950.0,354.64,356.56,345.15,351.34
11/12/15,33829290.0,120.96,121.81,120.05,59029400.0,116.9,118.07,116.06,45179400.0,116.37,117.42,115.21,116.26
05/07/19,31996320.0,209.84,212.65,208.13,20892380.0,210.89,211.84,210.23,32443110.0,204.29,208.84,203.5,205.88
02/07/17,33671250.0,127.98,129.39,127.78,24460160.0,128.31,129.19,128.16,26784530.0,129.13,130.5,128.9,130.54
07/20/2016,30031410.0,98.92,99.3,98.5,36464530.0,98.7,100.13,98.6,23766360.0,99.56,100.0,99.34,100.0
12/05/19,23693550.0,267.27,268.25,263.45,29377270.0,258.31,259.53,256.29,16810390.0,261.07,263.31,260.68,263.79
08/24/2016,25108890.0,108.77,109.69,108.36,25784420.0,108.86,109.1,107.85,21236850.0,108.59,109.32,108.53,108.57
06/13/2016,20839950.0,99.02,99.56,98.68,26575570.0,98.5,99.99,98.46,31672220.0,98.53,99.35,98.48,98.69
06/20/2016,29373050.0,97.82,98.41,97.03,31251870.0,96.45,97.75,96.07,60793260.0,96.62,96.65,95.3,96.0
05/05/17,44182930.0,147.54,148.09,146.84,45579740.0,145.59,147.49,144.27,23345970.0,146.52,147.14,145.81,146.76
12/28/2017,16339690.0,174.68,175.42,174.5,33113340.0,170.8,171.47,169.68,21477380.0,170.1,170.78,169.71,171.0
05/12/17,38907940.0,153.87,154.88,153.45,25779060.0,153.63,153.94,152.11,27236290.0,152.45,154.07,152.31,154.7
08/28/2018,18505780.0,214.65,217.05,214.6,18457720.0,216.6,216.9,215.11,20400770.0,217.15,218.74,216.33,219.01
05/06/20,60154180.0,286.25,299.0,285.85,33391990.0,289.17,293.69,286.32,36937800.0,295.06,301.0,294.46,300.46
07/24/2019,20929310.0,205.79,206.5,202.36,22277930.0,203.65,207.23,203.61,18355210.0,208.46,208.91,207.29,207.67
02/23/2017,22163280.0,135.1,135.83,135.1,24487200.0,136.23,136.75,135.98,20769030.0,136.43,137.12,136.11,137.38
04/24/2020,45247890.0,276.28,277.25,265.43,29264340.0,273.61,277.9,272.2,31203580.0,275.87,281.75,274.87,277.2
12/11/19,26547490.0,267.48,271.0,267.3,32182650.0,270.0,270.8,264.91,22632380.0,268.6,270.07,265.86,268.81
06/22/2016,60793260.0,96.62,96.65,95.3,34355970.0,96.0,96.57,95.03,35407050.0,94.94,96.35,94.68,96.25
01/24/2020,27710810.0,317.19,319.02,316.0,25458120.0,318.58,319.99,317.31,26117990.0,317.92,319.56,315.65,320.25
09/14/2016,46461610.0,104.64,105.72,103.13,45114590.0,102.65,105.72,102.53,62080160.0,107.51,108.79,107.24,108.73
02/28/2019,21846400.0,174.16,175.87,173.95,16991610.0,173.71,175.3,173.17,27817640.0,173.21,175.0,172.73,174.32
05/24/2017,26892850.0,153.38,153.98,152.63,22930630.0,154.0,154.58,152.91,19906170.0,154.9,154.9,153.31,153.84
04/17/2020,48748670.0,280.0,288.25,278.05,32788640.0,282.4,286.33,280.63,39281290.0,287.38,288.2,282.35,284.69
07/05/19,27316740.0,203.17,204.49,200.65,16935220.0,201.41,203.13,201.36,11362050.0,203.28,204.44,202.69,203.35
05/18/2017,25912270.0,156.01,156.65,155.05,19994270.0,155.94,156.06,154.72,50674280.0,153.6,154.57,149.71,151.27
04/08/19,23243160.0,193.25,196.5,193.15,19090050.0,194.79,196.37,193.14,18473070.0,196.45,197.1,195.93,196.42
12/20/2018,43250420.0,165.45,168.35,162.73,33753490.0,165.38,167.53,164.39,47597670.0,166.0,167.45,159.09,160.4
08/14/2019,24619750.0,201.3,202.76,199.29,22481890.0,199.62,202.05,199.15,47539790.0,201.02,212.14,200.83,203.16
05/01/19,18612770.0,204.9,205.0,202.12,22010360.0,204.4,205.97,203.86,45751160.0,203.06,203.4,199.11,209.88
06/21/2018,18458410.0,187.88,189.22,187.2,33538550.0,185.14,186.33,183.45,20490090.0,186.35,187.2,185.73,187.25
07/12/17,18527000.0,142.9,144.75,142.9,21080580.0,144.11,145.95,143.37,18647220.0,144.73,145.85,144.38,145.87
12/14/2015,46301930.0,117.64,117.69,115.08,29158640.0,116.04,116.94,115.51,46810020.0,115.19,115.39,112.85,112.18
07/26/2018,15955820.0,190.68,191.96,189.56,18680930.0,192.45,193.66,192.05,16553500.0,193.06,194.85,192.43,194.61
01/10/17,22115100.0,115.92,116.86,115.81,31714820.0,116.78,118.16,116.47,33420290.0,117.95,119.43,117.94,118.77
10/21/2015,38794930.0,111.78,112.0,110.53,29723750.0,110.8,111.75,110.11,48929200.0,111.34,114.17,110.82,114.0
01/15/2019,35661200.0,152.5,153.97,150.86,26924630.0,152.88,153.7,151.51,32018540.0,150.85,151.27,149.22,150.27
02/04/19,60800480.0,163.25,166.15,160.23,40613260.0,166.11,169.0,164.56,32644590.0,166.96,168.98,165.93,167.41
01/30/2017,32417410.0,120.42,122.1,120.28,26320740.0,121.67,122.44,121.6,20495340.0,122.14,122.35,121.6,120.93
03/20/2017,25676720.0,139.41,140.75,139.03,19173780.0,140.72,141.02,140.26,43700570.0,141.0,141.0,139.89,140.4
09/27/2019,31434370.0,221.03,222.49,217.19,22481010.0,218.55,221.5,217.14,19088310.0,220.0,220.94,218.83,220.54
09/05/18,48696960.0,223.25,228.26,222.4,43177540.0,226.51,228.87,226.0,27363960.0,228.41,229.18,226.63,228.99
11/04/16,43403760.0,113.46,113.77,110.53,28174980.0,111.4,112.35,111.23,26538700.0,110.98,111.46,109.55,108.53
12/09/19,16810390.0,261.07,263.31,260.68,18661340.0,263.79,265.89,262.73,26547490.0,267.48,271.0,267.3,270.0
04/04/17,21189000.0,144.19,144.5,143.5,19576480.0,143.72,144.27,143.01,19970040.0,143.71,144.12,143.05,143.25
12/14/2018,45968040.0,171.66,171.79,167.0,35474680.0,170.4,171.92,169.02,31754210.0,170.49,172.57,169.55,169.0
06/04/18,18503410.0,187.72,188.0,186.78,27468700.0,187.22,188.23,186.14,23377690.0,187.99,190.26,187.75,191.64
12/30/2019,12119710.0,284.69,284.89,282.92,23334000.0,284.82,289.98,284.7,36592940.0,291.12,293.97,288.12,289.46
01/29/2018,51368540.0,177.25,177.3,173.2,41438280.0,174.51,174.95,170.53,39075250.0,172.0,172.0,170.06,170.16
10/18/2018,30280450.0,221.16,221.83,217.27,28802550.0,218.93,222.99,216.76,22692880.0,222.3,222.64,219.34,217.86
01/14/2020,42621540.0,307.24,310.43,306.2,35217270.0,310.6,312.67,308.25,30521720.0,311.64,317.07,311.15,316.7
12/30/2015,13596680.0,109.0,109.0,107.95,26639930.0,107.59,107.69,106.18,30912260.0,106.96,109.43,106.86,108.58
11/09/16,30790930.0,108.53,110.25,108.11,32361930.0,110.08,110.51,109.46,24129630.0,110.31,111.72,109.7,109.88
02/23/2016,38866100.0,98.84,98.89,96.09,35290570.0,96.0,96.76,95.8,34240470.0,96.31,96.9,95.92,96.4
09/26/2019,19419650.0,218.95,219.84,217.65,31434370.0,221.03,222.49,217.19,22481010.0,218.55,221.5,217.14,220.0
11/28/2017,25558680.0,173.36,175.0,173.05,14026670.0,175.1,175.5,174.65,20591090.0,175.05,175.08,173.34,174.3
04/28/2016,27997990.0,105.0,105.65,104.51,52979780.0,103.91,105.3,103.91,114436300.0,96.0,98.71,95.68,97.61
01/28/2020,26117990.0,317.92,319.56,315.65,36634380.0,320.25,323.33,317.52,40485010.0,310.06,311.77,304.88,312.6
10/31/2019,24143240.0,247.42,249.25,246.72,35709870.0,248.97,249.75,242.57,31130520.0,244.76,245.3,241.21,247.24
01/27/2016,65648660.0,98.63,101.46,98.37,51529980.0,101.52,101.53,99.21,71937310.0,99.93,100.88,98.07,96.04
02/06/20,43496400.0,304.3,313.49,302.22,34154130.0,315.31,319.64,313.63,29706720.0,323.52,324.76,318.95,322.57
09/23/2015,73991000.0,112.21,114.3,111.87,46594220.0,113.67,115.37,113.66,50278030.0,113.38,114.18,112.52,113.63
01/05/18,25400540.0,170.16,172.3,169.26,29461040.0,172.53,174.55,171.96,22342650.0,172.54,173.47,172.08,173.44
07/10/18,16543880.0,185.26,186.41,184.28,17426160.0,185.42,188.43,185.2,19636390.0,189.5,190.68,189.3,190.71
06/10/20,34312550.0,323.35,331.75,323.23,23913630.0,330.25,333.6,327.32,36928090.0,332.14,345.61,332.01,347.9
11/17/2017,24683350.0,173.04,173.48,171.18,28998220.0,169.97,170.32,168.38,23598650.0,171.18,171.87,170.3,171.04
03/05/20,85349340.0,282.28,301.44,277.72,79868850.0,303.67,304.0,285.8,54794570.0,296.44,303.4,293.13,295.52
06/27/2016,29124140.0,96.25,96.89,95.35,32042290.0,95.94,96.29,95.25,75219710.0,92.91,94.66,92.65,93.0
07/16/2018,18776390.0,188.5,189.78,187.61,18000180.0,189.53,191.41,189.31,12506830.0,191.08,191.84,190.9,191.52
05/29/2020,31380450.0,323.5,324.24,316.5,28236270.0,316.14,318.71,313.09,33449100.0,316.77,323.44,315.63,319.25
12/01/15,21341960.0,119.21,119.23,117.92,13046450.0,118.29,118.41,117.6,38063130.0,117.99,119.41,117.75,118.75
01/03/20,36059610.0,289.46,292.69,285.22,25247630.0,289.93,293.68,289.52,33911860.0,296.24,300.6,295.19,297.15
03/16/2020,64094970.0,277.39,281.22,271.86,104618500.0,255.94,270.0,248.0,92683030.0,264.89,279.92,252.95,241.95
06/18/2019,21674630.0,194.7,196.79,193.6,18761470.0,191.55,193.59,190.3,14669140.0,192.9,194.96,192.17,196.05
03/22/2018,32931110.0,177.32,177.47,173.66,19620520.0,175.24,176.8,174.94,36387880.0,175.04,175.09,171.26,170.0
04/27/2017,17117710.0,143.5,143.95,143.18,18325720.0,143.91,144.9,143.87,19998050.0,144.47,144.6,143.38,143.92
12/18/2019,33432810.0,271.46,275.3,270.93,32081110.0,277.0,280.79,276.98,28575800.0,279.57,281.77,278.8,279.8
11/02/17,44651420.0,163.89,168.07,163.72,35779520.0,167.9,169.65,166.94,33482970.0,169.87,169.94,165.61,167.64
11/09/15,44829060.0,123.13,123.82,121.62,39483400.0,121.85,122.69,120.18,33009110.0,121.11,121.81,120.62,120.96
04/02/19,20710390.0,188.95,189.56,187.53,23524830.0,189.83,190.08,188.54,27308200.0,191.64,191.68,188.38,191.09
02/21/2017,35578640.0,135.52,136.27,134.62,22539860.0,135.67,135.9,134.84,22163280.0,135.1,135.83,135.1,136.23
01/18/2018,25302200.0,176.18,177.36,175.65,29512410.0,177.9,179.39,176.14,34260230.0,176.15,179.25,175.07,179.37
04/16/2018,22401040.0,172.23,173.92,171.7,22858840.0,173.41,175.0,173.04,25100510.0,174.78,175.84,173.85,175.03
10/08/15,52033100.0,109.88,111.37,109.07,48702200.0,110.63,111.74,109.77,46717770.0,111.74,111.77,109.41,110.19
02/10/16,46315620.0,96.52,96.92,93.69,53920550.0,93.13,95.7,93.04,44282560.0,94.29,95.94,93.93,95.92
02/13/2017,22941650.0,131.35,132.22,131.22,28321440.0,131.65,132.45,131.12,20046250.0,132.46,132.94,132.05,133.08
02/27/2018,30953760.0,171.8,173.95,171.71,33772050.0,173.67,175.65,173.54,37353670.0,176.35,179.39,176.21,179.1
03/04/16,50303500.0,97.65,100.77,97.42,33136130.0,100.51,100.89,99.64,36884490.0,100.58,101.71,100.45,102.37
07/20/2018,15515000.0,189.75,191.87,189.2,16365720.0,191.78,191.8,189.93,20182050.0,189.69,192.55,189.69,191.78
10/06/15,63849470.0,109.07,109.62,107.31,57774940.0,108.01,111.01,107.55,52033100.0,109.88,111.37,109.07,110.63
09/28/2016,52411070.0,114.42,114.79,111.55,29800240.0,111.64,113.39,111.55,24587490.0,113.0,113.18,112.34,113.69
07/17/2015,31695870.0,126.04,126.37,125.04,33559770.0,125.72,127.15,125.58,35987630.0,127.74,128.57,127.35,129.08
10/12/16,24336440.0,114.31,114.56,113.51,36087910.0,115.02,116.75,114.72,63963010.0,117.7,118.69,116.2,117.35
07/18/2018,12506830.0,191.08,191.84,190.9,15009800.0,191.52,192.65,190.42,15515000.0,189.75,191.87,189.2,191.78
08/16/2019,47539790.0,201.02,212.14,200.83,36547440.0,203.16,206.44,202.59,27883360.0,203.46,205.14,199.67,204.28
03/20/2018,22676520.0,178.5,180.24,178.07,38313330.0,178.65,179.12,177.62,32931110.0,177.32,177.47,173.66,175.24
12/16/2019,19723390.0,268.81,271.1,268.5,34437040.0,267.78,272.56,267.32,33432810.0,271.46,275.3,270.93,277.0
11/26/2019,30348780.0,263.69,264.01,261.18,16331260.0,262.59,263.18,260.84,21029520.0,262.71,266.44,262.52,266.94
02/12/18,51467440.0,163.09,163.4,159.07,54145930.0,160.29,161.0,155.03,70583530.0,157.07,157.89,150.24,158.5
12/31/2015,26639930.0,107.59,107.69,106.18,30912260.0,106.96,109.43,106.86,25184090.0,108.58,108.7,107.18,107.01
07/25/2019,22277930.0,203.65,207.23,203.61,18355210.0,208.46,208.91,207.29,14991570.0,207.67,209.15,207.17,208.89
05/12/16,32895650.0,93.0,93.77,92.59,33653020.0,93.33,93.57,92.11,28641180.0,93.48,93.57,92.46,92.72
07/20/2017,23765710.0,148.82,150.9,148.57,17837130.0,149.2,150.13,148.67,20859830.0,150.48,151.42,149.95,151.5
08/09/17,20514810.0,156.07,157.4,155.69,21827400.0,157.06,158.92,156.67,36127490.0,158.6,161.83,158.27,159.26
07/06/16,35783320.0,94.44,95.77,94.3,25982080.0,95.49,96.47,95.33,27553750.0,95.39,95.4,94.46,94.6
08/02/16,38771840.0,102.83,104.45,102.82,27697970.0,104.19,104.55,103.68,38018910.0,104.41,106.15,104.41,106.05
10/16/2017,16861450.0,155.97,156.98,155.75,16380570.0,156.35,157.37,155.73,16367780.0,156.73,157.28,156.41,157.9
01/02/20,36592940.0,291.12,293.97,288.12,36059610.0,289.46,292.69,285.22,25247630.0,289.93,293.68,289.52,296.24
01/15/2016,49046150.0,100.55,100.69,98.84,62285770.0,100.32,101.19,97.3,63000140.0,97.96,100.48,95.74,96.2
08/19/2016,33754680.0,109.63,110.23,109.21,25328680.0,109.1,109.37,108.34,21918340.0,109.23,109.6,109.02,108.77
10/25/2018,28751540.0,219.79,223.36,218.94,38681170.0,215.83,223.25,214.7,39992120.0,222.6,224.23,214.54,217.71
08/08/17,26604140.0,157.05,157.21,155.02,20514810.0,156.07,157.4,155.69,21827400.0,157.06,158.92,156.67,158.6
11/05/15,32152870.0,119.87,121.36,119.61,45479260.0,120.79,123.49,120.7,44829060.0,123.13,123.82,121.62,121.85
12/06/19,29377270.0,258.31,259.53,256.29,16810390.0,261.07,263.31,260.68,18661340.0,263.79,265.89,262.73,267.48
03/13/2019,23985960.0,170.32,173.07,169.5,31123000.0,175.49,179.12,175.35,32416800.0,180.0,182.67,179.37,182.25
05/23/2017,33520150.0,151.27,153.34,151.13,26892850.0,153.38,153.98,152.63,22930630.0,154.0,154.58,152.91,154.9
03/29/2016,25686350.0,106.48,107.07,105.9,25568350.0,105.47,106.25,104.89,19354440.0,106.0,106.19,105.06,104.89
07/02/20,32661520.0,353.25,362.17,351.28,35055820.0,360.08,365.98,360.0,27684310.0,365.12,367.36,363.91,367.85
04/22/2020,53812480.0,284.69,286.95,276.86,32503750.0,277.95,281.68,276.85,45247890.0,276.28,277.25,265.43,273.61
12/27/2017,20848660.0,174.17,176.02,174.1,16339690.0,174.68,175.42,174.5,33113340.0,170.8,171.47,169.68,170.1
06/05/19,27043580.0,176.23,177.99,174.99,40396070.0,175.6,177.92,170.27,30967960.0,175.44,179.83,174.52,184.28
02/05/19,40613260.0,166.11,169.0,164.56,32644590.0,166.96,168.98,165.93,31384720.0,167.41,171.66,167.28,172.86
08/14/2017,26060430.0,159.26,161.27,159.11,39636190.0,159.9,160.0,154.63,26208970.0,156.6,158.57,156.07,159.32
10/27/2017,17633730.0,156.29,157.42,156.2,21175670.0,156.91,157.55,155.27,16916650.0,157.23,157.83,156.78,159.29
06/12/20,36928090.0,332.14,345.61,332.01,41662940.0,347.9,354.77,346.09,50415610.0,349.31,351.06,335.48,344.72
02/06/19,32644590.0,166.96,168.98,165.93,31384720.0,167.41,171.66,167.28,36054570.0,172.86,175.08,172.35,174.65
03/21/2018,38313330.0,178.65,179.12,177.62,32931110.0,177.32,177.47,173.66,19620520.0,175.24,176.8,174.94,175.04
12/18/2015,53168580.0,111.94,112.8,110.35,56157370.0,111.07,111.99,108.8,44654830.0,112.02,112.25,108.98,108.91
05/22/2017,50674280.0,153.6,154.57,149.71,33520150.0,151.27,153.34,151.13,26892850.0,153.38,153.98,152.63,154.0
09/16/2019,44289650.0,218.07,223.71,217.73,32226670.0,224.8,226.42,222.86,39763300.0,220.0,220.79,217.02,217.73
08/03/15,36912040.0,123.15,123.5,122.27,33400950.0,122.32,122.57,121.71,42832890.0,122.6,122.64,120.91,121.5
05/18/2016,44223040.0,90.0,91.67,90.0,61192340.0,92.39,94.39,91.65,46858910.0,94.55,94.7,93.01,94.16
04/15/2020,40529120.0,268.7,270.07,264.7,32755730.0,268.31,273.7,265.83,48748670.0,280.0,288.25,278.05,282.4
10/27/2016,23492650.0,117.1,117.74,117.0,46820600.0,117.95,118.36,117.31,66028640.0,114.31,115.7,113.31,115.39
03/02/16,28949760.0,97.2,98.02,96.58,35131460.0,96.86,98.23,96.65,50303500.0,97.65,100.77,97.42,100.51
06/02/17,20118620.0,153.42,154.43,153.33,24452750.0,153.97,154.17,152.38,16383610.0,153.17,153.33,152.22,153.58
07/24/2015,73006780.0,132.85,132.92,130.32,115288400.0,121.99,125.5,121.99,50832950.0,126.2,127.09,125.06,125.32
05/08/17,45579740.0,145.59,147.49,144.27,23345970.0,146.52,147.14,145.81,27254850.0,146.76,148.98,146.76,149.03
08/19/2015,42876370.0,114.32,116.31,114.01,40827260.0,116.04,117.65,115.5,34525630.0,116.43,117.44,116.01,116.1
06/06/19,40396070.0,175.6,177.92,170.27,30967960.0,175.44,179.83,174.52,29773430.0,184.28,184.99,181.14,183.08
09/13/2019,31777930.0,213.86,216.78,211.71,44289650.0,218.07,223.71,217.73,32226670.0,224.8,226.42,222.86,220.0
04/18/2018,25100510.0,174.78,175.84,173.85,21561320.0,175.03,176.19,174.83,26575010.0,176.49,178.94,176.41,177.81
11/26/2018,67678680.0,178.37,181.47,175.51,31096240.0,179.73,180.27,176.55,23623970.0,174.94,176.6,172.1,174.24
04/02/20,41994110.0,250.74,255.52,249.4,49250500.0,255.6,262.49,252.0,44054640.0,246.5,248.72,239.13,240.34
12/13/2017,23285760.0,170.49,171.0,168.82,34260890.0,169.2,172.89,168.79,19088170.0,172.15,172.39,171.46,172.5
04/04/16,45547590.0,108.65,110.42,108.6,25763840.0,109.72,109.9,108.88,25820460.0,108.78,110.0,108.2,110.42
03/26/2019,50943120.0,190.02,196.33,189.81,42287640.0,195.34,197.69,190.78,43751810.0,191.51,191.98,186.6,191.66
08/18/2015,48407640.0,116.04,116.4,114.54,42876370.0,114.32,116.31,114.01,40827260.0,116.04,117.65,115.5,116.43
08/15/2016,23839880.0,108.71,108.9,107.76,27460070.0,108.52,108.93,107.85,18648700.0,107.78,108.44,107.78,108.14
06/30/2017,24725210.0,145.01,146.16,143.62,22052920.0,144.49,146.11,143.16,31450520.0,144.71,145.13,142.28,144.45
08/08/19,52392970.0,197.99,198.65,192.58,35824790.0,196.31,198.07,194.04,33364400.0,195.41,199.56,193.82,200.2
02/11/19,28204640.0,174.65,175.57,172.85,31644240.0,172.4,173.94,170.34,23793830.0,168.99,170.66,168.42,171.05
05/22/2019,32879090.0,186.93,190.9,186.76,38612290.0,183.52,184.35,180.28,28364850.0,185.22,188.0,184.7,184.66
11/07/18,91046560.0,209.55,213.65,205.43,66072170.0,204.3,204.39,198.17,31774720.0,201.92,204.72,201.69,205.97
04/24/2019,24185530.0,203.12,204.15,202.52,17841920.0,202.83,204.94,202.34,23286380.0,204.43,207.75,203.9,207.36
09/22/2015,63712340.0,115.66,116.49,113.72,73991000.0,112.21,114.3,111.87,46594220.0,113.67,115.37,113.66,113.38
01/17/2019,32018540.0,150.85,151.27,149.22,28449940.0,150.27,153.39,150.05,30483120.0,153.08,155.88,153.0,154.2
04/10/17,27649500.0,144.22,145.46,143.81,21131040.0,144.29,144.52,143.45,16658660.0,143.73,144.18,143.27,143.6
09/04/15,76562170.0,110.15,111.88,107.36,61681250.0,110.23,112.34,109.13,53142590.0,112.49,112.78,110.04,108.97
11/21/2018,36191330.0,190.5,194.97,189.46,41626820.0,190.0,190.7,184.99,67678680.0,178.37,181.47,175.51,179.73
05/11/20,35583440.0,300.46,303.24,298.87,28803760.0,303.22,305.17,301.97,33511990.0,305.64,310.35,304.29,308.1
07/16/2019,20191840.0,203.31,204.39,201.71,17595210.0,202.45,204.0,202.2,16947420.0,204.09,205.87,204.0,204.59
11/07/17,39668100.0,167.64,168.5,165.28,59332210.0,174.0,174.26,171.12,34770480.0,172.37,174.99,171.72,173.91
04/22/2019,25668330.0,199.46,201.37,198.56,28865310.0,199.54,203.38,198.61,24185530.0,203.12,204.15,202.52,202.83
11/08/19,19974430.0,257.05,258.19,256.32,18966120.0,256.77,257.49,255.37,23735080.0,258.74,260.35,258.11,258.69
01/18/2017,27057550.0,118.9,119.3,118.21,26083030.0,119.11,119.62,118.81,34412090.0,118.34,120.24,118.22,120.0
05/17/2017,32493770.0,154.7,156.42,154.67,25912270.0,156.01,156.65,155.05,19994270.0,155.94,156.06,154.72,153.6
11/18/2016,32230590.0,106.57,107.68,106.16,58724080.0,106.7,110.23,106.6,27623150.0,109.81,110.35,108.83,109.72
10/17/2019,24413480.0,234.9,238.13,234.67,23040480.0,236.39,237.65,234.88,19286690.0,233.37,235.24,233.2,235.09
10/06/16,21634520.0,112.71,113.05,112.28,29707270.0,113.06,114.31,112.63,21400410.0,113.4,113.66,112.69,113.7
02/19/2020,23686890.0,324.19,326.22,323.35,20028450.0,324.74,325.98,322.85,38190550.0,315.36,319.75,314.61,320.0
09/15/2017,71574560.0,162.61,163.96,158.77,44866280.0,159.87,159.96,157.91,23637310.0,158.99,159.4,158.09,158.47
10/15/2015,30386830.0,112.73,112.75,111.44,32970790.0,110.82,112.45,110.68,44434220.0,111.29,111.52,109.56,110.93
05/05/16,47844490.0,93.97,94.08,92.4,56770080.0,94.2,95.74,93.68,40984160.0,95.2,95.9,93.82,94.0
06/28/2017,35421310.0,145.13,147.16,145.11,25674500.0,147.17,148.28,145.38,24725210.0,145.01,146.16,143.62,144.49
11/11/16,24129630.0,110.31,111.72,109.7,59118740.0,109.88,111.32,108.05,57097740.0,111.09,111.09,105.83,107.12
04/06/20,44054640.0,246.5,248.72,239.13,41483490.0,240.34,245.15,236.9,32470020.0,242.8,245.7,238.97,250.9
06/06/16,29139100.0,99.02,99.54,98.33,40170200.0,97.6,97.84,96.63,28487570.0,97.79,98.27,97.45,97.99
03/23/2020,75058410.0,239.77,250.0,237.12,67964260.0,247.39,252.84,242.61,100423300.0,247.18,251.83,228.0,228.08
06/09/17,26591850.0,153.9,155.81,153.78,21017560.0,155.02,155.98,154.48,21144040.0,155.25,155.54,154.4,155.19
01/30/2018,41438280.0,174.51,174.95,170.53,39075250.0,172.0,172.0,170.06,50565420.0,170.16,170.16,167.07,165.53
09/02/16,24817940.0,105.8,106.5,105.5,31639010.0,105.66,106.57,105.64,26675250.0,106.14,106.8,105.62,107.7
03/31/2017,33348400.0,140.91,144.04,140.62,29174040.0,143.68,144.49,143.19,21189000.0,144.19,144.5,143.5,143.72
02/12/16,44282560.0,94.29,95.94,93.93,42288790.0,95.92,96.35,94.1,49979700.0,93.79,94.72,92.59,94.19
11/28/2018,23623970.0,174.94,176.6,172.1,44662320.0,174.24,174.95,170.26,41156140.0,171.51,174.77,170.88,176.73
06/06/17,16383610.0,153.17,153.33,152.22,27715140.0,153.58,155.45,152.89,25277680.0,154.34,154.45,153.46,153.9
09/21/2016,79763890.0,115.12,116.13,114.04,46937190.0,115.19,116.18,113.25,34494150.0,113.05,114.12,112.51,113.85
04/10/19,18473070.0,196.45,197.1,195.93,25829880.0,196.42,200.23,196.34,35738280.0,200.32,202.85,199.23,198.68
04/04/18,38116290.0,167.81,171.75,166.9,37425640.0,167.88,168.94,164.47,30237640.0,167.64,168.75,164.88,164.88
06/07/16,40170200.0,97.6,97.84,96.63,28487570.0,97.79,98.27,97.45,23265200.0,97.99,101.89,97.55,99.25
05/29/2018,19966590.0,186.35,188.5,185.76,23129400.0,188.77,188.84,186.21,17186760.0,188.23,189.65,187.65,187.6
02/16/2016,42288790.0,95.92,96.35,94.1,49979700.0,93.79,94.72,92.59,40323020.0,94.19,94.5,93.01,95.02
05/16/2016,28641180.0,93.48,93.57,92.46,76183460.0,92.72,92.78,89.47,44223040.0,90.0,91.67,90.0,92.39
12/04/15,34806250.0,118.75,118.81,116.86,33316990.0,117.05,118.11,116.08,41511380.0,116.55,116.79,114.22,115.29
02/25/2016,34240470.0,96.31,96.9,95.92,31851180.0,96.4,96.5,94.55,36192150.0,93.98,96.38,93.32,96.05
09/13/2018,39194720.0,220.95,221.85,216.47,35644510.0,218.01,224.3,216.56,49118510.0,224.94,225.0,219.84,223.52
02/25/2020,25141490.0,322.63,324.65,318.21,32426420.0,318.62,320.45,310.5,55548830.0,297.26,304.18,289.23,300.95
12/05/17,41484540.0,170.43,172.14,168.44,39735110.0,169.95,171.67,168.5,32512580.0,172.48,172.62,169.63,169.06
11/08/17,59332210.0,174.0,174.26,171.12,34770480.0,172.37,174.99,171.72,24332120.0,173.91,175.25,173.6,174.66
11/03/16,26378910.0,113.65,114.23,113.2,43403760.0,113.46,113.77,110.53,28174980.0,111.4,112.35,111.23,110.98
06/15/2018,16859020.0,191.39,192.61,191.15,21480120.0,192.42,192.88,190.44,21584720.0,191.55,191.57,190.22,190.03
06/20/2017,31642900.0,143.32,144.48,142.21,50264540.0,143.78,144.5,142.2,32203640.0,143.66,146.74,143.66,146.87
06/19/2019,18761470.0,191.55,193.59,190.3,14669140.0,192.9,194.96,192.17,26551000.0,196.05,200.29,195.21,199.68
02/23/2018,33690660.0,172.05,174.26,171.42,37378070.0,172.83,174.12,171.01,30953760.0,171.8,173.95,171.71,173.67
06/03/20,38399530.0,319.25,321.15,316.47,20254650.0,317.75,322.35,317.21,21910700.0,320.75,323.44,318.93,324.66
08/14/2015,96820670.0,117.81,118.18,113.33,101593400.0,112.53,115.42,109.63,48407640.0,116.04,116.4,114.54,114.32
10/11/19,29282700.0,225.82,228.06,224.33,19029420.0,227.03,227.79,225.64,28962980.0,227.93,230.44,227.3,232.95
12/22/2015,44654830.0,112.02,112.25,108.98,96197190.0,108.91,109.52,105.81,47507230.0,107.28,107.37,105.57,107.4
12/02/19,26334880.0,266.94,267.16,262.5,16386120.0,265.58,267.98,265.31,11654360.0,266.6,268.0,265.9,267.27
07/31/2019,17618870.0,207.48,209.73,207.14,21673390.0,208.46,210.64,208.44,33935720.0,208.76,210.16,207.31,216.42
01/17/2020,40653460.0,316.7,317.57,312.17,30480880.0,311.85,315.5,309.55,27207250.0,313.59,315.7,312.09,316.27
09/30/2016,24587490.0,113.0,113.18,112.34,29608390.0,113.69,114.64,113.43,35850010.0,113.16,113.8,111.8,112.46
06/11/20,23913630.0,330.25,333.6,327.32,36928090.0,332.14,345.61,332.01,41662940.0,347.9,354.77,346.09,349.31
08/01/16,92143920.0,104.27,104.35,102.75,38771840.0,102.83,104.45,102.82,27697970.0,104.19,104.55,103.68,104.41
05/31/2017,19217810.0,153.73,154.35,153.03,21895020.0,154.0,154.24,153.31,20118620.0,153.42,154.43,153.33,153.97
04/09/18,34581850.0,164.88,172.01,164.77,26750260.0,172.58,174.23,172.08,34949690.0,170.97,172.48,168.2,169.88
10/18/2016,35041820.0,116.79,117.44,115.72,35626020.0,117.88,118.17,117.13,23583810.0,117.33,117.84,116.78,118.18
12/21/2016,44284660.0,116.47,116.5,115.65,27756760.0,115.8,117.38,115.75,21337310.0,116.74,117.5,116.68,116.8
03/07/18,38426060.0,172.8,176.3,172.45,27825140.0,175.21,177.74,174.52,23273160.0,177.91,178.25,176.13,174.94
10/02/17,25402270.0,153.8,154.72,153.54,21983410.0,153.89,154.28,152.7,26204670.0,153.21,154.13,152.0,154.26
01/08/19,91106840.0,143.98,145.72,142.0,57423650.0,144.53,148.55,143.8,54571440.0,148.7,148.83,145.9,149.56
09/18/2017,44866280.0,159.87,159.96,157.91,23637310.0,158.99,159.4,158.09,48846060.0,158.47,160.97,158.0,160.11
12/31/2018,58133850.0,148.3,157.23,146.72,51608850.0,155.84,156.77,150.07,41740600.0,157.5,158.52,154.55,158.53
01/23/2020,34454120.0,316.27,318.74,315.0,27710810.0,317.19,319.02,316.0,25458120.0,318.58,319.99,317.31,317.92
06/11/19,22526310.0,183.08,185.47,182.15,30684390.0,186.51,191.92,185.77,26220850.0,191.81,195.37,191.62,194.86
01/26/2016,52099200.0,97.06,97.88,94.94,65648660.0,98.63,101.46,98.37,51529980.0,101.52,101.53,99.21,99.93
03/31/2020,63140170.0,246.52,258.68,246.36,51054150.0,252.75,255.87,247.05,41994110.0,250.74,255.52,249.4,255.6
02/13/2020,27337220.0,314.18,321.55,313.85,23580780.0,323.6,323.9,318.71,28432570.0,321.47,327.22,321.47,324.19
07/10/19,17265520.0,203.35,205.08,202.9,25338630.0,200.81,201.4,198.41,20578020.0,199.2,201.51,198.81,201.85
03/28/2018,40984540.0,168.39,169.92,164.94,36778560.0,168.07,173.1,166.44,39824200.0,173.68,175.15,166.92,167.25
11/14/2018,34317760.0,205.55,206.01,202.25,50991030.0,199.0,199.85,193.79,46725710.0,191.63,197.18,191.45,193.9
11/27/2018,31096240.0,179.73,180.27,176.55,23623970.0,174.94,176.6,172.1,44662320.0,174.24,174.95,170.26,171.51
10/12/15,46717770.0,111.74,111.77,109.41,61747260.0,110.19,110.19,108.21,52720620.0,110.0,112.28,109.49,112.73
01/24/2019,33259460.0,157.5,157.88,155.98,30273990.0,156.41,156.73,152.62,23046560.0,154.15,155.14,151.7,154.11
08/01/17,32429770.0,153.75,153.99,147.3,17192770.0,149.89,150.23,149.19,19690420.0,149.9,150.33,148.13,149.1
02/08/16,45870130.0,95.0,96.84,94.08,46418230.0,95.86,97.33,95.19,46315620.0,96.52,96.92,93.69,93.13
05/25/2016,31834020.0,94.64,95.43,94.52,37977020.0,95.87,97.19,95.67,35074380.0,97.22,98.09,96.84,98.67
05/14/2020,36486560.0,308.1,317.05,307.24,40575260.0,317.83,319.69,310.91,50155640.0,312.15,315.95,303.21,304.51
11/06/18,52954070.0,219.05,222.36,216.81,91046560.0,209.55,213.65,205.43,66072170.0,204.3,204.39,198.17,201.92
03/21/2019,26148590.0,185.8,188.39,185.79,31440300.0,188.35,188.99,185.92,31003380.0,186.23,189.49,184.73,190.02
11/03/15,51106100.0,118.7,120.69,118.27,49305220.0,120.99,121.22,119.45,32152870.0,119.87,121.36,119.61,120.79
02/09/18,68171940.0,154.83,163.72,154.0,51467440.0,163.09,163.4,159.07,54145930.0,160.29,161.0,155.03,157.07
05/10/17,27254850.0,146.76,148.98,146.76,48670440.0,149.03,153.7,149.03,38907940.0,153.87,154.88,153.45,153.63
10/05/15,66300930.0,110.17,111.54,108.73,63849470.0,109.07,109.62,107.31,57774940.0,108.01,111.01,107.55,109.88
11/29/2019,21029520.0,262.71,266.44,262.52,26334880.0,266.94,267.16,262.5,16386120.0,265.58,267.98,265.31,266.6
07/16/2015,41365600.0,125.03,125.76,124.32,31695870.0,126.04,126.37,125.04,33559770.0,125.72,127.15,125.58,127.74
05/10/16,35850220.0,94.0,94.07,92.68,43665160.0,93.37,93.45,91.85,32895650.0,93.0,93.77,92.59,93.33
04/30/2020,29271890.0,281.8,284.54,279.95,28001190.0,285.08,285.83,278.2,34320200.0,284.73,289.67,283.89,289.96
05/26/2020,27876220.0,316.68,319.52,316.2,25672210.0,318.66,320.89,315.87,20450750.0,315.77,319.23,315.35,323.5
11/27/2017,25047130.0,170.78,173.7,170.78,25558680.0,173.36,175.0,173.05,14026670.0,175.1,175.5,174.65,175.05
04/04/19,27308200.0,191.64,191.68,188.38,22727370.0,191.09,194.46,191.05,23243160.0,193.25,196.5,193.15,194.79
06/05/17,24452750.0,153.97,154.17,152.38,16383610.0,153.17,153.33,152.22,27715140.0,153.58,155.45,152.89,154.34
07/12/16,24460850.0,95.7,96.5,95.62,28877500.0,96.49,96.89,96.05,23317990.0,96.75,97.65,96.73,97.17
01/31/2017,26320740.0,121.67,122.44,121.6,20495340.0,122.14,122.35,121.6,30327110.0,120.93,121.63,120.66,121.15
09/05/17,27215770.0,163.8,163.89,162.61,26729940.0,163.64,164.52,163.48,16564340.0,164.8,164.94,163.63,163.75
05/06/19,64827330.0,209.88,215.31,209.23,31996320.0,209.84,212.65,208.13,20892380.0,210.89,211.84,210.23,204.29
08/06/15,69639900.0,121.5,122.57,117.52,123601900.0,117.42,117.7,113.25,99202400.0,112.95,117.44,112.1,115.97
09/06/17,26729940.0,163.64,164.52,163.48,16564340.0,164.8,164.94,163.63,29491910.0,163.75,164.25,160.56,162.71
12/12/19,32182650.0,270.0,270.8,264.91,22632380.0,268.6,270.07,265.86,19723390.0,268.81,271.1,268.5,267.78
07/18/2019,16947420.0,204.09,205.87,204.0,16866820.0,204.59,206.11,203.5,14107450.0,204.05,205.09,203.27,204.0
10/23/2017,16252850.0,160.42,160.71,159.6,42357420.0,156.75,157.08,155.02,23907540.0,156.61,157.75,155.96,156.89
08/23/2016,21918340.0,109.23,109.6,109.02,25108890.0,108.77,109.69,108.36,25784420.0,108.86,109.1,107.85,108.59
01/08/20,36633880.0,297.15,300.58,296.5,29644640.0,293.79,299.96,292.75,27877660.0,299.84,300.9,297.48,297.16
04/11/16,26178840.0,110.23,110.98,109.2,31735810.0,109.95,110.42,108.12,23553790.0,108.91,109.77,108.17,108.97
05/09/16,40984160.0,95.2,95.9,93.82,35850220.0,94.0,94.07,92.68,43665160.0,93.37,93.45,91.85,93.0
03/09/16,46026600.0,102.37,103.75,101.37,35890740.0,102.39,102.83,100.96,31538710.0,100.78,101.76,100.4,101.31
03/20/2019,39017490.0,184.85,187.33,183.74,26148590.0,185.8,188.39,185.79,31440300.0,188.35,188.99,185.92,186.23
01/29/2019,25418110.0,154.11,154.48,151.74,33508960.0,155.48,158.13,154.32,26147280.0,155.79,156.33,153.66,156.25
07/05/16,36505420.0,93.97,94.55,93.63,35783320.0,94.44,95.77,94.3,25982080.0,95.49,96.47,95.33,95.39
08/05/16,33770220.0,106.05,106.07,104.0,30148360.0,104.81,105.84,104.77,26781730.0,105.58,106.0,105.28,106.27
09/01/16,24900130.0,106.62,107.44,106.29,24817940.0,105.8,106.5,105.5,31639010.0,105.66,106.57,105.64,106.14
10/26/2018,38681170.0,215.83,223.25,214.7,39992120.0,222.6,224.23,214.54,29027340.0,217.71,221.38,216.75,215.9
02/03/17,47767760.0,121.15,121.39,120.62,111837300.0,127.03,130.49,127.01,33671250.0,127.98,129.39,127.78,128.31
04/25/2018,65270950.0,170.6,171.22,165.43,36396590.0,166.84,166.92,164.09,33674960.0,165.67,166.33,161.22,162.62
05/31/2019,27948160.0,178.92,180.59,177.91,28481170.0,176.42,179.35,176.0,21218410.0,177.95,179.23,176.67,176.23
09/15/2016,45114590.0,102.65,105.72,102.53,62080160.0,107.51,108.79,107.24,111186900.0,108.73,113.03,108.6,113.86
09/04/19,21007650.0,208.5,209.32,206.66,21162560.0,210.16,210.45,207.2,20059570.0,206.43,206.98,204.22,208.39
06/03/19,28481170.0,176.42,179.35,176.0,21218410.0,177.95,179.23,176.67,27043580.0,176.23,177.99,174.99,175.6
10/04/16,35850010.0,113.16,113.8,111.8,36340670.0,112.46,113.37,111.8,21634520.0,112.71,113.05,112.28,113.06
09/21/2017,28157630.0,160.11,160.5,158.0,20565620.0,159.51,159.77,158.44,52126240.0,157.9,158.26,153.83,155.8
09/07/16,26675250.0,106.14,106.8,105.62,26393770.0,107.7,108.0,106.82,26645130.0,107.9,108.3,107.51,107.83
01/16/2018,23751690.0,173.16,174.3,173.0,18653380.0,174.59,175.49,174.49,25302200.0,176.18,177.36,175.65,177.9
03/18/2020,92683030.0,264.89,279.92,252.95,80605870.0,241.95,259.08,240.0,81013970.0,247.51,257.61,238.4,239.77
04/13/2020,50721830.0,270.8,271.7,259.0,42223820.0,262.74,267.37,261.23,40529120.0,268.7,270.07,264.7,268.31
08/27/2018,18965930.0,214.1,216.36,213.84,18505780.0,214.65,217.05,214.6,18457720.0,216.6,216.9,215.11,217.15
03/07/19,27413060.0,175.69,177.75,173.97,19238480.0,175.94,176.0,174.54,20755140.0,174.67,175.49,173.94,173.87
02/01/18,50565420.0,170.16,170.16,167.07,45635470.0,165.53,167.37,164.7,32234520.0,166.87,168.44,166.5,167.17
05/14/2018,23141260.0,186.55,187.4,185.22,27942430.0,187.74,190.37,187.65,26167950.0,189.49,190.06,187.45,189.01
03/27/2020,71882770.0,236.36,247.69,234.3,75900510.0,250.75,258.25,244.3,63140170.0,246.52,258.68,246.36,252.75
04/13/2016,23553790.0,108.91,109.77,108.17,29357940.0,108.97,110.61,108.83,27150570.0,109.34,110.5,108.66,110.8
05/08/18,33944110.0,175.88,177.5,174.44,56137230.0,178.25,184.25,178.17,42557530.0,185.18,187.67,184.75,184.99
07/21/2015,35987630.0,127.74,128.57,127.35,45970470.0,129.08,129.62,128.31,55204920.0,130.97,132.97,130.7,132.85
10/09/19,34755550.0,225.64,227.49,223.89,30889270.0,226.27,229.93,225.84,29282700.0,225.82,228.06,224.33,227.03
03/18/2019,30929740.0,182.25,183.3,180.92,23527660.0,183.9,184.1,182.56,39017490.0,184.85,187.33,183.74,185.8
07/28/2017,18798250.0,151.8,153.84,151.8,15649120.0,153.35,153.93,153.06,32429770.0,153.75,153.99,147.3,149.89
10/22/2018,22692880.0,222.3,222.64,219.34,32389280.0,217.86,219.74,213.0,32874330.0,218.06,221.26,217.43,219.79
03/30/2017,23531670.0,139.39,141.22,138.62,33348400.0,140.91,144.04,140.62,29174040.0,143.68,144.49,143.19,144.19
05/01/17,19998050.0,144.47,144.6,143.38,14198660.0,143.92,144.16,143.31,20783460.0,144.09,144.3,143.27,145.1
11/20/2018,46271660.0,188.39,191.97,186.9,36191330.0,190.5,194.97,189.46,41626820.0,190.0,190.7,184.99,178.37
12/16/2016,43293350.0,113.84,115.92,113.75,33962370.0,115.04,116.2,114.98,46286150.0,115.38,116.73,115.23,116.47
05/13/2020,33511990.0,305.64,310.35,304.29,36486560.0,308.1,317.05,307.24,40575260.0,317.83,319.69,310.91,312.15
01/13/2016,70722000.0,98.55,99.11,96.76,49687870.0,98.97,99.06,97.34,49046150.0,100.55,100.69,98.84,100.32
10/03/17,21983410.0,153.89,154.28,152.7,26204670.0,153.21,154.13,152.0,18631540.0,154.26,154.45,152.72,154.01
05/11/16,43665160.0,93.37,93.45,91.85,32895650.0,93.0,93.77,92.59,33653020.0,93.33,93.57,92.11,93.48
10/10/16,21400410.0,113.4,113.66,112.69,28508710.0,113.7,114.34,113.13,24336440.0,114.31,114.56,113.51,115.02
11/02/16,36792100.0,113.87,115.21,113.45,26378910.0,113.65,114.23,113.2,43403760.0,113.46,113.77,110.53,111.4
02/20/2018,40382890.0,163.05,167.54,162.88,50908540.0,169.79,173.09,169.0,40113790.0,172.36,174.82,171.77,172.05
09/20/2017,48846060.0,158.47,160.97,158.0,28157630.0,160.11,160.5,158.0,20565620.0,159.51,159.77,158.44,157.9
02/17/2017,33054500.0,133.47,135.09,133.25,35578640.0,135.52,136.27,134.62,22539860.0,135.67,135.9,134.84,135.1
09/24/2018,26869880.0,218.5,219.62,215.3,26388050.0,220.24,222.28,219.15,95584080.0,220.78,221.36,217.29,216.82
12/27/2016,23724430.0,116.8,117.4,116.78,26043820.0,116.35,116.51,115.64,14244050.0,115.59,116.52,115.59,116.52
10/07/19,35767260.0,223.06,223.58,217.93,30352690.0,218.43,220.96,215.13,34755550.0,225.64,227.49,223.89,226.27
02/12/19,31644240.0,172.4,173.94,170.34,23793830.0,168.99,170.66,168.42,20940020.0,171.05,171.21,169.25,170.1
12/29/2015,32618140.0,107.27,108.85,107.2,13596680.0,109.0,109.0,107.95,26639930.0,107.59,107.69,106.18,106.96
06/27/2017,19082170.0,145.77,146.7,145.12,35421310.0,145.13,147.16,145.11,25674500.0,147.17,148.28,145.38,145.01
10/24/2016,19977160.0,117.25,117.76,113.8,24100150.0,116.86,117.38,116.33,22527690.0,116.81,116.91,116.28,117.1
09/26/2017,37350060.0,155.8,155.8,152.75,46575410.0,152.02,152.27,150.56,44366140.0,149.99,151.83,149.16,151.78
07/14/2015,78291510.0,123.85,124.06,119.22,61292800.0,121.94,123.85,121.21,41365600.0,125.03,125.76,124.32,126.04
08/20/2019,27883360.0,203.46,205.14,199.67,28813620.0,204.28,207.16,203.84,24431920.0,210.62,212.73,210.03,210.88
09/30/2015,56005550.0,116.44,116.69,114.02,51861990.0,113.85,114.57,112.44,73230280.0,112.83,113.51,107.86,110.17
04/16/2020,32755730.0,268.31,273.7,265.83,48748670.0,280.0,288.25,278.05,32788640.0,282.4,286.33,280.63,287.38
04/29/2020,31627180.0,277.2,283.01,277.0,29271890.0,281.8,284.54,279.95,28001190.0,285.08,285.83,278.2,284.73
05/03/17,20783460.0,144.09,144.3,143.27,33498270.0,145.1,147.2,144.96,44182930.0,147.54,148.09,146.84,145.59
11/20/2017,28998220.0,169.97,170.32,168.38,23598650.0,171.18,171.87,170.3,21884010.0,171.04,171.39,169.64,170.29
02/04/20,31685810.0,320.54,324.09,318.75,49897100.0,320.93,322.68,308.29,43496400.0,304.3,313.49,302.22,315.31
05/17/2018,20393070.0,189.01,189.53,187.86,23639070.0,186.78,187.07,185.1,19046600.0,186.07,188.46,186.0,188.0
01/03/19,41740600.0,157.5,158.52,154.55,34499390.0,158.53,159.36,156.48,35637070.0,154.89,158.85,154.23,143.98
10/17/2016,37512930.0,117.35,117.98,116.75,35041820.0,116.79,117.44,115.72,35626020.0,117.88,118.17,117.13,117.33
08/07/15,123601900.0,117.42,117.7,113.25,99202400.0,112.95,117.44,112.1,52828890.0,115.97,116.5,114.12,114.58
10/03/18,22560440.0,224.79,225.84,224.02,23171020.0,227.95,229.42,226.35,24435010.0,227.25,230.0,226.63,230.05
11/30/2016,11475920.0,111.13,111.87,110.95,27054320.0,111.43,112.47,111.39,28507780.0,110.78,112.03,110.07,111.6
09/17/2015,58279570.0,116.58,116.89,114.86,43218350.0,115.93,116.53,114.42,37080720.0,116.25,116.54,115.44,115.66
03/14/2016,27148530.0,101.31,101.58,100.27,33490630.0,101.41,102.24,100.15,27368840.0,102.24,102.28,101.5,101.91
03/16/2018,31464170.0,182.59,183.5,179.24,29334630.0,180.32,180.52,177.81,22676520.0,178.5,180.24,178.07,178.65
04/12/19,35738280.0,200.32,202.85,199.23,21654750.0,198.68,200.74,198.18,20543190.0,200.85,201.0,198.44,199.2
11/15/2016,57097740.0,111.09,111.09,105.83,34117030.0,107.12,108.87,106.55,50901380.0,107.71,107.81,104.08,106.57
05/27/2016,35074380.0,97.22,98.09,96.84,38258300.0,98.67,99.74,98.11,56293490.0,99.68,100.73,98.64,99.44
04/27/2020,29264340.0,273.61,277.9,272.2,31203580.0,275.87,281.75,274.87,31627180.0,277.2,283.01,277.0,281.8
04/05/17,19576480.0,143.72,144.27,143.01,19970040.0,143.71,144.12,143.05,19865300.0,143.25,144.89,143.17,144.22
06/02/20,33449100.0,316.77,323.44,315.63,38399530.0,319.25,321.15,316.47,20254650.0,317.75,322.35,317.21,320.75
01/08/18,29461040.0,172.53,174.55,171.96,22342650.0,172.54,173.47,172.08,23589930.0,173.44,175.37,173.05,174.35
07/01/19,26067510.0,197.77,200.99,197.35,20899720.0,200.29,201.57,199.57,31110640.0,198.68,199.5,197.05,203.17
07/21/2016,36464530.0,98.7,100.13,98.6,23766360.0,99.56,100.0,99.34,26219110.0,100.0,100.46,99.74,99.83
01/28/2016,51529980.0,101.52,101.53,99.21,71937310.0,99.93,100.88,98.07,133059000.0,96.04,96.63,93.34,93.79
11/01/16,31396130.0,115.39,115.86,114.1,36792100.0,113.87,115.21,113.45,26378910.0,113.65,114.23,113.2,113.46
01/09/17,21081620.0,115.85,116.51,115.75,22115100.0,115.92,116.86,115.81,31714820.0,116.78,118.16,116.47,117.95
07/12/19,20578020.0,199.2,201.51,198.81,17897140.0,201.85,203.73,201.56,20191840.0,203.31,204.39,201.71,202.45
02/29/2016,36192150.0,93.98,96.38,93.32,27526040.0,96.05,96.76,95.25,28949760.0,97.2,98.02,96.58,96.86
05/23/2019,38612290.0,183.52,184.35,180.28,28364850.0,185.22,188.0,184.7,29748560.0,184.66,185.71,182.55,179.8
08/27/2015,161882500.0,94.87,108.8,92.0,102731700.0,111.11,111.11,103.5,96531890.0,107.09,109.89,105.05,112.23
02/17/2016,49979700.0,93.79,94.72,92.59,40323020.0,94.19,94.5,93.01,48032600.0,95.02,96.85,94.61,96.67
08/13/2018,22493750.0,206.05,207.81,204.52,23389530.0,207.28,209.78,207.2,24592460.0,207.36,209.1,206.67,207.7
12/08/15,41511380.0,116.55,116.79,114.22,57717870.0,115.29,119.25,115.11,32063100.0,118.98,119.86,117.81,117.52
11/25/2016,29164190.0,110.12,111.99,110.01,25931710.0,111.95,112.42,111.4,27420550.0,111.36,111.51,110.33,111.13
09/19/2017,23637310.0,158.99,159.4,158.09,48846060.0,158.47,160.97,158.0,28157630.0,160.11,160.5,158.0,159.51
09/01/17,29451050.0,160.1,163.12,160.0,27215770.0,163.8,163.89,162.61,26729940.0,163.64,164.52,163.48,164.8
06/01/18,22409110.0,187.6,188.75,186.87,18503410.0,187.72,188.0,186.78,27468700.0,187.22,188.23,186.14,187.99
07/31/2017,15649120.0,153.35,153.93,153.06,32429770.0,153.75,153.99,147.3,17192770.0,149.89,150.23,149.19,149.9
03/22/2019,31440300.0,188.35,188.99,185.92,31003380.0,186.23,189.49,184.73,50943120.0,190.02,196.33,189.81,195.34
08/26/2019,21564750.0,212.99,213.65,211.6,22267820.0,213.19,214.44,210.75,46882840.0,209.43,212.05,201.0,205.86
05/06/16,56770080.0,94.2,95.74,93.68,40984160.0,95.2,95.9,93.82,35850220.0,94.0,94.07,92.68,93.37
06/12/19,30684390.0,186.51,191.92,185.77,26220850.0,191.81,195.37,191.62,26932880.0,194.86,196.0,193.6,193.95
01/07/19,35637070.0,154.89,158.85,154.23,91106840.0,143.98,145.72,142.0,57423650.0,144.53,148.55,143.8,148.7
03/02/17,20222210.0,137.14,137.44,136.28,23446340.0,137.08,137.44,136.7,36362440.0,137.89,140.15,137.6,140.0
10/28/2016,46820600.0,117.95,118.36,117.31,66028640.0,114.31,115.7,113.31,31396130.0,115.39,115.86,114.1,113.87
02/07/18,85957050.0,166.0,166.8,160.1,72215320.0,159.1,163.88,156.0,68171940.0,154.83,163.72,154.0,163.09
11/23/2016,28310840.0,109.72,110.54,109.66,29164190.0,110.12,111.99,110.01,25931710.0,111.95,112.42,111.4,111.36
03/26/2018,36387880.0,175.04,175.09,171.26,41335980.0,170.0,172.68,168.6,40984540.0,168.39,169.92,164.94,168.07
06/29/2020,48155850.0,365.0,368.79,358.52,34380630.0,360.7,365.0,357.57,51314210.0,364.41,365.32,353.02,353.25
06/14/2018,18069930.0,191.35,191.97,190.21,16859020.0,191.39,192.61,191.15,21480120.0,192.42,192.88,190.44,191.55
12/07/17,32512580.0,172.48,172.62,169.63,27315530.0,169.06,171.52,168.4,28397810.0,167.5,170.2,166.46,169.03
03/06/19,25737560.0,174.28,175.15,172.89,27413060.0,175.69,177.75,173.97,19238480.0,175.94,176.0,174.54,174.67
05/09/17,23345970.0,146.52,147.14,145.81,27254850.0,146.76,148.98,146.76,48670440.0,149.03,153.7,149.03,153.87
10/15/2019,28962980.0,227.93,230.44,227.3,41990210.0,232.95,237.64,232.31,24413480.0,234.9,238.13,234.67,236.39
07/17/2017,24833800.0,145.87,146.18,144.82,25080500.0,145.5,148.49,145.44,20117070.0,147.97,149.33,147.33,148.82
04/01/20,51054150.0,252.75,255.87,247.05,41994110.0,250.74,255.52,249.4,49250500.0,255.6,262.49,252.0,246.5
12/03/19,16386120.0,265.58,267.98,265.31,11654360.0,266.6,268.0,265.9,23693550.0,267.27,268.25,263.45,258.31
03/14/2019,31123000.0,175.49,179.12,175.35,32416800.0,180.0,182.67,179.37,30929740.0,182.25,183.3,180.92,183.9
12/07/16,26481320.0,109.17,110.09,108.85,34113880.0,110.0,110.03,108.25,26160560.0,109.5,110.36,109.19,109.26
12/20/2019,28575800.0,279.57,281.77,278.8,29024690.0,279.8,281.9,279.12,24626950.0,279.5,281.18,278.95,282.23
04/20/2017,16529130.0,141.48,141.88,140.87,14676420.0,141.41,142.04,141.11,17302160.0,141.88,142.0,140.45,141.22
11/11/19,18966120.0,256.77,257.49,255.37,23735080.0,258.74,260.35,258.11,17520500.0,258.69,260.44,256.85,258.3
08/24/2017,26330070.0,157.5,157.89,155.11,21564890.0,158.23,160.0,158.02,19376940.0,159.07,160.47,158.88,160.43
07/27/2018,18680930.0,192.45,193.66,192.05,16553500.0,193.06,194.85,192.43,19005150.0,194.61,195.96,193.61,194.99
03/16/2017,17048800.0,138.85,139.43,138.82,15281850.0,139.3,139.65,138.84,25676720.0,139.41,140.75,139.03,140.72
01/13/2017,24432660.0,118.77,119.38,118.3,27453130.0,118.74,119.93,118.6,27057550.0,118.9,119.3,118.21,119.11
04/29/2016,52979780.0,103.91,105.3,103.91,114436300.0,96.0,98.71,95.68,82107120.0,97.61,97.88,94.25,93.99
03/13/2018,24518850.0,175.48,177.12,175.07,32130360.0,177.96,180.0,177.39,32191070.0,180.29,182.39,180.21,182.59
01/14/2016,49687870.0,98.97,99.06,97.34,49046150.0,100.55,100.69,98.84,62285770.0,100.32,101.19,97.3,97.96
08/01/19,21673390.0,208.46,210.64,208.44,33935720.0,208.76,210.16,207.31,69281360.0,216.42,221.37,211.3,213.9
02/14/2017,28321440.0,131.65,132.45,131.12,20046250.0,132.46,132.94,132.05,22989980.0,133.08,133.82,132.75,133.47
08/30/2016,25001730.0,107.39,107.88,106.68,27744300.0,107.41,107.95,106.31,24900130.0,106.62,107.44,106.29,105.8
08/04/16,38018910.0,104.41,106.15,104.41,33770220.0,106.05,106.07,104.0,30148360.0,104.81,105.84,104.77,105.58
11/18/2015,45555300.0,115.2,115.57,112.27,37979570.0,111.38,114.24,111.0,27584020.0,114.92,115.05,113.32,115.76
10/04/19,36187160.0,225.07,228.22,224.2,35767260.0,223.06,223.58,217.93,30352690.0,218.43,220.96,215.13,225.64
05/16/2017,27236290.0,152.45,154.07,152.31,32493770.0,154.7,156.42,154.67,25912270.0,156.01,156.65,155.05,155.94
03/09/20,54794570.0,296.44,303.4,293.13,46893220.0,295.52,299.55,291.41,56544250.0,282.0,290.82,281.23,263.75
03/12/19,24755470.0,173.87,174.44,172.02,23985960.0,170.32,173.07,169.5,31123000.0,175.49,179.12,175.35,180.0
10/22/2019,17272900.0,235.09,236.15,233.52,24377170.0,234.59,237.58,234.29,22367480.0,237.52,240.99,237.32,241.16
04/10/18,26750260.0,172.58,174.23,172.08,34949690.0,170.97,172.48,168.2,28976200.0,169.88,173.09,169.85,173.0
08/23/2018,30149410.0,218.1,219.18,215.11,25682700.0,216.8,217.19,214.03,18965930.0,214.1,216.36,213.84,214.65
11/27/2019,16331260.0,262.59,263.18,260.84,21029520.0,262.71,266.44,262.52,26334880.0,266.94,267.16,262.5,265.58
10/18/2019,23040480.0,236.39,237.65,234.88,19286690.0,233.37,235.24,233.2,17272900.0,235.09,236.15,233.52,234.59
09/11/18,34121240.0,226.23,227.35,221.3,37418910.0,221.85,225.37,220.71,39194720.0,220.95,221.85,216.47,218.01
08/25/2017,21564890.0,158.23,160.0,158.02,19376940.0,159.07,160.47,158.88,19782170.0,160.43,160.74,158.55,159.65
03/01/19,16991610.0,173.71,175.3,173.17,27817640.0,173.21,175.0,172.73,27953810.0,174.32,174.91,172.92,174.28
01/26/2018,32395870.0,177.3,179.44,176.82,51368540.0,177.25,177.3,173.2,41438280.0,174.51,174.95,170.53,172.0
05/11/18,28053230.0,184.99,186.22,183.67,23141260.0,186.55,187.4,185.22,27942430.0,187.74,190.37,187.65,189.49
09/27/2017,46575410.0,152.02,152.27,150.56,44366140.0,149.99,151.83,149.16,35907770.0,151.78,153.92,151.69,153.8
10/10/18,33507770.0,227.96,228.41,220.58,28784550.0,222.21,224.8,220.2,26656630.0,223.64,227.27,222.25,225.46
12/18/2018,31754210.0,170.49,172.57,169.55,40620360.0,169.0,169.08,165.28,43250420.0,165.45,168.35,162.73,165.38
06/29/2018,24378480.0,182.99,186.53,182.54,24987260.0,185.23,187.28,184.03,17352380.0,184.1,186.21,183.8,186.29
10/07/16,29707270.0,113.06,114.31,112.63,21400410.0,113.4,113.66,112.69,28508710.0,113.7,114.34,113.13,114.31
07/03/18,17352380.0,184.1,186.21,183.8,22551660.0,186.29,187.19,182.91,17675210.0,183.82,187.3,183.42,187.79
06/14/2016,26575570.0,98.5,99.99,98.46,31672220.0,98.53,99.35,98.48,37708360.0,98.69,99.12,97.1,97.32
12/20/2016,46286150.0,115.38,116.73,115.23,44284660.0,116.47,116.5,115.65,27756760.0,115.8,117.38,115.75,116.74
04/07/16,37322930.0,110.42,112.19,110.27,26560420.0,109.51,110.73,109.42,26178840.0,110.23,110.98,109.2,109.95
10/09/15,48702200.0,110.63,111.74,109.77,46717770.0,111.74,111.77,109.41,61747260.0,110.19,110.19,108.21,110.0
06/08/17,25277680.0,154.34,154.45,153.46,26591850.0,153.9,155.81,153.78,21017560.0,155.02,155.98,154.48,155.25
06/08/18,21535570.0,193.07,193.94,192.36,20912820.0,193.63,194.08,191.92,21329170.0,194.14,194.2,192.34,191.17
08/16/2018,25864510.0,207.7,210.95,207.7,20679270.0,210.16,210.56,208.26,28595230.0,209.22,210.74,208.33,211.75
01/03/18,16412270.0,171.0,171.85,170.48,25938760.0,170.52,170.59,169.22,25400540.0,170.16,172.3,169.26,172.53
02/28/2018,33772050.0,173.67,175.65,173.54,37353670.0,176.35,179.39,176.21,38885510.0,179.1,180.48,178.16,179.26
06/28/2018,31632320.0,183.4,184.92,180.73,24378480.0,182.99,186.53,182.54,24987260.0,185.23,187.28,184.03,184.1
11/22/2017,21884010.0,171.04,171.39,169.64,16041550.0,170.29,170.56,169.56,25047130.0,170.78,173.7,170.78,173.36
01/25/2016,72274300.0,95.1,98.19,93.42,52099200.0,97.06,97.88,94.94,65648660.0,98.63,101.46,98.37,101.52
08/02/19,33935720.0,208.76,210.16,207.31,69281360.0,216.42,221.37,211.3,54017920.0,213.9,218.03,206.74,205.53
02/16/2018,32483310.0,161.95,164.75,161.65,40382890.0,163.05,167.54,162.88,50908540.0,169.79,173.09,169.0,172.36
12/04/18,41523580.0,182.66,182.8,177.7,39424260.0,180.29,180.33,177.03,40537700.0,184.46,184.94,181.21,180.95
08/21/2018,27595310.0,211.75,213.81,211.47,35034410.0,213.44,217.95,213.16,30149410.0,218.1,219.18,215.11,216.8
12/14/2016,34324350.0,112.31,114.7,112.31,26176690.0,113.29,115.0,112.49,43293350.0,113.84,115.92,113.75,115.04
09/06/16,31639010.0,105.66,106.57,105.64,26675250.0,106.14,106.8,105.62,26393770.0,107.7,108.0,106.82,107.9
10/22/2015,29723750.0,110.8,111.75,110.11,48929200.0,111.34,114.17,110.82,42276880.0,114.0,115.58,113.7,114.33
07/20/2015,33559770.0,125.72,127.15,125.58,35987630.0,127.74,128.57,127.35,45970470.0,129.08,129.62,128.31,130.97
02/02/18,45635470.0,165.53,167.37,164.7,32234520.0,166.87,168.44,166.5,44453230.0,167.17,168.62,166.76,166.0
09/15/2015,62800770.0,110.27,113.28,109.9,49793750.0,111.79,114.21,111.76,58279570.0,116.58,116.89,114.86,115.93
05/26/2017,19906170.0,154.9,154.9,153.31,19201820.0,153.84,154.17,152.67,19217810.0,153.73,154.35,153.03,154.0
07/23/2018,16365720.0,191.78,191.8,189.93,20182050.0,189.69,192.55,189.69,20670830.0,191.78,192.43,190.17,190.68
09/17/2018,49118510.0,224.94,225.0,219.84,41411350.0,223.52,228.35,222.57,31801970.0,225.75,226.84,222.52,222.15
09/10/18,33290830.0,228.99,229.67,225.1,34121240.0,226.23,227.35,221.3,37418910.0,221.85,225.37,220.71,220.95
05/15/2018,27942430.0,187.74,190.37,187.65,26167950.0,189.49,190.06,187.45,20393070.0,189.01,189.53,187.86,186.78
02/20/2020,20028450.0,324.74,325.98,322.85,38190550.0,315.36,319.75,314.61,23495990.0,320.0,324.57,320.0,322.63
11/15/2019,21847230.0,261.55,262.79,260.92,25817590.0,261.13,264.78,261.07,22395560.0,263.75,264.88,262.1,263.68
01/11/18,20523870.0,174.35,175.61,173.93,21532200.0,174.55,175.06,173.41,23751690.0,173.16,174.3,173.0,174.59
08/04/15,33400950.0,122.32,122.57,121.71,42832890.0,122.6,122.64,120.91,69639900.0,121.5,122.57,117.52,117.42
11/20/2019,25093670.0,263.68,265.78,263.01,21700900.0,265.8,267.43,264.23,19069600.0,267.9,268.0,265.39,265.54
06/17/2020,50036510.0,344.72,347.8,334.22,34702230.0,333.25,345.68,332.58,41357180.0,351.46,353.2,344.72,355.15
07/19/2018,15009800.0,191.52,192.65,190.42,15515000.0,189.75,191.87,189.2,16365720.0,191.78,191.8,189.93,189.69
12/06/17,39735110.0,169.95,171.67,168.5,32512580.0,172.48,172.62,169.63,27315530.0,169.06,171.52,168.4,167.5
03/08/19,19238480.0,175.94,176.0,174.54,20755140.0,174.67,175.49,173.94,24755470.0,173.87,174.44,172.02,170.32
02/22/2017,22539860.0,135.67,135.9,134.84,22163280.0,135.1,135.83,135.1,24487200.0,136.23,136.75,135.98,136.43
06/08/20,26122800.0,324.66,326.2,322.3,21890090.0,324.39,325.62,320.78,34312550.0,323.35,331.75,323.23,330.25
11/23/2015,46559730.0,115.76,117.49,115.5,43233950.0,117.64,119.75,116.76,34135230.0,119.2,119.92,118.85,119.27
08/25/2016,25784420.0,108.86,109.1,107.85,21236850.0,108.59,109.32,108.53,23606240.0,108.57,108.75,107.68,107.39
10/19/2018,28802550.0,218.93,222.99,216.76,22692880.0,222.3,222.64,219.34,32389280.0,217.86,219.74,213.0,218.06
09/07/17,16564340.0,164.8,164.94,163.63,29491910.0,163.75,164.25,160.56,21610300.0,162.71,162.99,160.52,162.09
02/13/2018,54145930.0,160.29,161.0,155.03,70583530.0,157.07,157.89,150.24,60774900.0,158.5,163.89,157.51,161.95
11/17/2015,32461350.0,116.26,116.82,115.65,45555300.0,115.2,115.57,112.27,37979570.0,111.38,114.24,111.0,114.92
03/12/18,31686450.0,174.94,175.85,174.27,24518850.0,175.48,177.12,175.07,32130360.0,177.96,180.0,177.39,180.29
02/14/2018,70583530.0,157.07,157.89,150.24,60774900.0,158.5,163.89,157.51,32483310.0,161.95,164.75,161.65,163.05
02/27/2017,20769030.0,136.43,137.12,136.11,20762360.0,137.38,137.48,136.3,21754600.0,135.91,136.66,135.28,137.14
07/12/18,19636390.0,189.5,190.68,189.3,15801370.0,190.71,191.28,190.18,18776390.0,188.5,189.78,187.61,189.53
07/31/2015,33570380.0,123.38,123.91,122.55,36912040.0,123.15,123.5,122.27,33400950.0,122.32,122.57,121.71,122.6
10/30/2015,67673450.0,115.4,116.54,113.99,85436210.0,116.93,119.3,116.06,51106100.0,118.7,120.69,118.27,120.99
10/23/2019,24377170.0,234.59,237.58,234.29,22367480.0,237.52,240.99,237.32,22684000.0,241.16,242.2,239.62,242.1
05/28/2019,29748560.0,184.66,185.71,182.55,36529740.0,179.8,180.54,177.81,23714690.0,180.2,182.14,178.62,178.92
05/22/2020,25432390.0,315.03,318.52,313.01,27876220.0,316.68,319.52,316.2,25672210.0,318.66,320.89,315.87,315.77
10/20/2017,18969700.0,159.78,160.87,159.23,16252850.0,160.42,160.71,159.6,42357420.0,156.75,157.08,155.02,156.61
01/31/2020,40558490.0,312.6,318.4,312.19,54149930.0,324.45,327.85,321.38,31685810.0,320.54,324.09,318.75,320.93
09/29/2015,50061580.0,113.25,115.5,112.37,56005550.0,116.44,116.69,114.02,51861990.0,113.85,114.57,112.44,112.83
02/06/17,111837300.0,127.03,130.49,127.01,33671250.0,127.98,129.39,127.78,24460160.0,128.31,129.19,128.16,129.13
06/23/2016,34355970.0,96.0,96.57,95.03,35407050.0,94.94,96.35,94.68,29124140.0,96.25,96.89,95.35,95.94
12/08/16,34113880.0,110.0,110.03,108.25,26160560.0,109.5,110.36,109.19,29976030.0,109.26,111.19,109.16,110.86
12/30/2016,18131970.0,116.52,117.8,116.49,20686510.0,117.52,118.02,116.2,14979680.0,116.45,117.11,116.4,116.65
07/11/17,24110330.0,143.02,143.5,142.41,18527000.0,142.9,144.75,142.9,21080580.0,144.11,145.95,143.37,144.73
09/09/15,53142590.0,112.49,112.78,110.04,49904460.0,108.97,110.45,108.51,54507300.0,111.65,112.56,110.32,113.76
06/22/2017,32203640.0,143.66,146.74,143.66,24877950.0,146.87,146.87,144.94,21247590.0,145.52,146.07,144.61,145.77
07/19/2016,38885980.0,97.39,98.99,97.32,30031410.0,98.92,99.3,98.5,36464530.0,98.7,100.13,98.6,99.56
11/19/2019,22395560.0,263.75,264.88,262.1,25093670.0,263.68,265.78,263.01,21700900.0,265.8,267.43,264.23,267.9
08/19/2019,36547440.0,203.16,206.44,202.59,27883360.0,203.46,205.14,199.67,28813620.0,204.28,207.16,203.84,210.62
06/11/18,20912820.0,193.63,194.08,191.92,21329170.0,194.14,194.2,192.34,26580710.0,191.17,192.0,189.77,191.35
03/20/2020,81013970.0,247.51,257.61,238.4,75058410.0,239.77,250.0,237.12,67964260.0,247.39,252.84,242.61,247.18
02/03/20,54149930.0,324.45,327.85,321.38,31685810.0,320.54,324.09,318.75,49897100.0,320.93,322.68,308.29,304.3
08/15/2017,39636190.0,159.9,160.0,154.63,26208970.0,156.6,158.57,156.07,22074760.0,159.32,160.21,158.75,160.66
02/05/20,49897100.0,320.93,322.68,308.29,43496400.0,304.3,313.49,302.22,34154130.0,315.31,319.64,313.63,323.52
